Folio,Sexo,Edad,Gasolina1,Ocupación,País,Ciudad,ConducesAutomóvil,ConducesMotocicleta,Conduces,Gasolina2,Horas1,Gasolina3,Horas2,AñosEscolaridad,AG5,AG7,AG8,AG9,AG14,AG15,AG16,AG21,CAM1,CAM3,CAM4,CAM6,CAM7,CAM12,CAM18,AgrAutoF1,AgrAutoF2,AgrAuto,AgrMoto
KMC07, , , , , , , , , , , , , , , , , , , , , , , , , , , , , , , , , 
KMC41,1,45, ,COMERCIANTE,MEX,ESTADO DE MEXICO, , ,3,900,5,250,2,12,4,3,1,2,2,3,3,1,4,2,2,4,4,1,3,3,2,2.57142857142857,2.85714285714286
JMCM,1,38, ,Terapeuta,USA,CHICAGO,1, ,1,7400,3, , ,17,3,3,1,1,1,2,1,1, , , , , , , ,2.25,1,1.71428571428571, 
EDDG,1,28, ,Psychotherapist,USA,Chicago,1, ,1,11100,4, , ,17,3,3,1,2,4,3,1,1, , , , , , , ,3.25,1.33333333333333,2.42857142857143, 
EV,1,34, ,Psicoterapeuta,USA,Chicago,1, ,1,9250,4, , ,19,3,1,1,1,2,1,1,1, , , , , , , ,1.75,1,1.42857142857143, 
AAV,2,22, ,ADMINISTRATIVE ASSISTANT,USA,CHICAGO,1, ,1,0,0, , ,12,2,1,1,1,1,1,1,1, , , , , , , ,1.25,1,1.14285714285714, 
LS,1,30, ,Psicoterapeuta,USA,"Chicago, Illinois",1, ,1,7400,2, , ,21,5,5,3,2,2,4,1,1, , , , , , , ,4,2,3.14285714285714, 
SOH,2,32, ,Psicologa,USA,CHICAGO,1, ,1,9250,1, , ,17,2,1,1,1,1,1,1,1, , , , , , , ,1.25,1,1.14285714285714, 
LJVR,1,40, ,Psicologo,USA,Chicago,1, ,1,9250,1, , ,17,2,1,1,1,1,1,1,1, , , , , , , ,1.25,1,1.14285714285714, 
XR,2,26, ,Psicoterapeuta,USA,Chicago,1, ,1,0,0, , ,17,1,1,1,1,1,1,1,1, , , , , , , ,1,1,1, 
CD,2,31, ,Psicologa,USA,"Oak Park, Illinois",1, ,1,7400,2, , ,17,1,1,1,1,1,1,1,1, , , , , , , ,1,1,1, 
EM,1,26, ,Employment Specialist,USA,Chicago,1, ,1,12950,10, , ,12,3,3,1,1,2,1,1,1, , , , , , , ,2.25,1,1.71428571428571, 
MDR,2,30, ,Psicologa,USA,Chicago,1, ,1,11100,1.5, , ,12,2,1,1,1,3,1,1,1, , , , , , , ,1.75,1,1.42857142857143, 
AH,2,49, ,Custodian,USA,Chicago,1, ,1,12950,3, , ,6,1,1,1,1,1,1,1,1, , , , , , , ,1,1,1, 
JDDL,1,34, ,Psicoterapeuta,USA,Oak park,1, ,1,9250,.5, , ,17,1,1,1,1,2,1,1,1, , , , , , , ,1.25,1,1.14285714285714, 
CL,2,48, ,Comerciante,USA,Chicago,1, ,1,14800,3, , ,12,1,1,1,1,1,1,1,1, , , , , , , ,1,1,1, 
BEHB,2,71, ,Retirada,USA,Aurora,1, ,1,29600,1, , ,17,1,1,1,1,1,1,1,1, , , , , , , ,1,1,1, 
KGMM,2,58, ,Psicóloga,USA,CHICAGO,1, ,1,11100,1, , ,12,2,1,1,1,2,2,1,1, , , , , , , ,1.75,1,1.42857142857143, 
PHA,2,57, ,Pofesora,USA,CHICAGO,1, ,1,12950,2, , ,12,2,1,1,1,2,1,1,1, , , , , , , ,1.5,1,1.28571428571429, 
MGM,2,47, ,Académica UNAM,USA,CHICAGO,1, ,1,7400,2, , ,23,2,1,1,1,1,1,1,1, , , , , , , ,1.25,1,1.14285714285714, 
CE,2,61, ,Editora,USA,CHICAGO,1, ,1,7400,2, , ,12,2,1,1,1,1,1,1,1, , , , , , , ,1.25,1,1.14285714285714, 
EGD,2,49, ,Académica,USA,CHICAGO,1, ,1,5550,1, , ,23,2,2,1,1,1,1,1,1, , , , , , , ,1.5,1,1.28571428571429, 
LEMM,2,48, ,Maestra,USA,CHICAGO,1, ,3,9250,4,50,4,17,3,4,2,2,5,4,1,1,1,3,2,3,3,4,4,4,1.66666666666667,3,2.85714285714286
Bcg,2,49, ,Médico,USA,CHICAGO,1, ,1,5550,1, , ,17,2,1,1,1,1,2,1,1, , , , , , , ,1.5,1,1.28571428571429, 
IF,2,56, ,Maestra,USA,CHICAGO,1, ,1,9250,2, , ,23,3,1,1,1,3,2,2,1, , , , , , , ,2.25,1.33333333333333,1.85714285714286, 
PIFP,2,61, ,Jubilada,USA,CHICAGO,1, ,1,3700,.2, , ,12,1,1,1,1,1,1,1,1, , , , , , , ,1,1,1, 
KAOK,2,64, ,Pensionada/hogar,USA,CHICAGO,1, ,1,4625,2, , ,6,3,1,1,1,2,2,1,1, , , , , , , ,2,1,1.57142857142857, 
RAHF,1,62, ,Psicólogo,USA,CHICAGO,1, ,1,2775,1, , ,17,1,1,1,1,2,1,1,1, , , , , , , ,1.25,1,1.14285714285714, 
AOK,1,62, ,Jubilado,USA,CHICAGO,1, ,1,9250,4, , ,12,3,2,1,1,3,2,1,1, , , , , , , ,2.5,1,1.85714285714286, 
SAM,1,39, ,Empleado,USA,CHICAGO,1, ,1,6475,2, , ,12,1,1,1,1,1,1,1,1, , , , , , , ,1,1,1, 
ILC,2,54, ,Docente,USA,CHICAGO,1, ,1,11100,4, , ,17,3,2,1,1,3,3,1,1, , , , , , , ,2.75,1,2, 
Ma,2,56, ,Hogar,USA,CHICAGO,1, ,1,12950,4, , ,12,1,1,1,1,1,1,1,1, , , , , , , ,1,1,1, 
MRH,1,66, ,Promotor Cultural,USA,CHICAGO,1, ,1,5550,2, , ,12,2,1,1,1,1,1,1,1, , , , , , , ,1.25,1,1.14285714285714, 
LEHH,2,70, ,Inveatigadora,USA,CHICAGO,1, ,1,5550,1, , ,23,2,2,1,1,2,2,1,1, , , , , , , ,2,1,1.57142857142857, 
FMHH,1,71, ,Escritor,USA,CHICAGO,1, ,1,4625,1, , ,12,2,2,1,1,1,1,1,1, , , , , , , ,1.5,1,1.28571428571429, 
DAAM,1,36, ,Contador,USA,CHICAGO,1, ,1,14800,4, , ,12,2,2,1,1,1,1,1,1, , , , , , , ,1.5,1,1.28571428571429, 
V.V.,2,35, ,Diseñadora,USA,CHICAGO,1, ,1,9250,3, , ,12,1,1,1,1,2,1,1,1, , , , , , , ,1.25,1,1.14285714285714, 
FMU,1,36, ,Actor,USA,CHICAGO,1, ,1,14800,2, , ,12,2,2,1,2,3,2,1,1, , , , , , , ,2.25,1.33333333333333,1.85714285714286, 
AP,2,35, ,Ama de casa,USA,CHICAGO,1, ,1,18500,5, , ,17,2,2,1,1,1,1,1,1, , , , , , , ,1.5,1,1.28571428571429, 
Dgr,2,47, ,Hogar,USA,CHICAGO,1, ,1,14800,3, , ,12,2,1,1,1,1,1,1,1, , , , , , , ,1.25,1,1.14285714285714, 
JCCP,1,50, ,Empleado,USA,CHICAGO,1, ,1,22200,4, , ,12,3,3,1,1,1,1,1,1, , , , , , , ,2,1,1.57142857142857, 
AEGO,2,42, ,Profesionista,USA,CHICAGO,1, ,1,0,0, , ,17,1,1,1,1,1,1,1,1, , , , , , , ,1,1,1, 
A.C,2,21, ,Actriz,USA,CHICAGO,1, ,1,10175,2, , ,12,2,1,1,1,1,1,1,1, , , , , , , ,1.25,1,1.14285714285714, 
BREC,2,31, ,Terapeuta,USA,CHICAGO,1, ,1,14800,4, , ,12,3,1,1,1,2,1,1,1, , , , , , , ,1.75,1,1.42857142857143, 
Aao,2,39, ,Asistente,USA,CHICAGO,1, ,1,13875,3, , ,12,1,1,1,1,1,1,1,1, , , , , , , ,1,1,1, 
ISHB,2,19, ,Estudiante,USA,CHICAGO,1, ,1,0,0, , ,12,1,1,1,1,1,1,1,1, , , , , , , ,1,1,1, 
MARA,1,30, ,Actor,USA,CHICAGO,1, ,1,7400,3.5, , ,12,5,3,1,1,2,2,2,1, , , , , , , ,3,1.33333333333333,2.28571428571429, 
LMRN,1,34, ,Creo,USA,CHICAGO,1, ,1,18500,5, , ,12,4,4,3,4,3,3,1,1, , , , , , , ,3.5,2.66666666666667,3.14285714285714, 
Aphp,2,32, ,Empleada,USA,CHICAGO,1, ,1,12950,6, , ,12,3,1,1,1,2,1,1,1, , , , , , , ,1.75,1,1.42857142857143, 
Gh,1,43, ,Empmeado,USA,CHICAGO,1, ,1,8325,3, , ,17,4,2,2,3,4,2,3,1, , , , , , , ,3,2.66666666666667,2.85714285714286, 
LL,2,34, ,artística,USA,CHICAGO,1, ,1,27750,3, , ,12,3,4,1,1,3,2,1,1, , , , , , , ,3,1,2.14285714285714, 
RVD,1,22, ,Estudiante,USA,CHICAGO,1, ,1,20350,5, , ,12,2,2,1,1,3,2,1,1, , , , , , , ,2.25,1,1.71428571428571, 
JESR,1,25, ,Seguros,USA,CHICAGO,1, ,1,7400,2, , ,12,2,1,1,1,1,2,2,1, , , , , , , ,1.5,1.33333333333333,1.42857142857143, 
Jr,1,26, ,Actor,USA,CHICAGO,1, ,1,9250,4, , ,12,1,2,1,1,2,1,1,1, , , , , , , ,1.5,1,1.28571428571429, 
MEHD,2,39, ,Asistente,USA,CHICAGO,1, ,1,10175,2, , ,12,1,2,1,1,2,2,1,1, , , , , , , ,1.75,1,1.42857142857143, 
SVOR,1,17, ,Estudiante,USA,CHICAGO,1, ,1,0,0, , ,12,1,1,1,1,1,1,1,1, , , , , , , ,1,1,1, 
Se,1,28, ,Actor,USA,CHICAGO,1, ,1,11100,3, , ,12,3,1,1,1,1,1,1,2, , , , , , , ,1.5,1,1.28571428571429, 
MAG,1,45, ,Empleado,USA,CHICAGO,1, ,1,14800,6, , ,12,2,1,1,1,1,1,1,1, , , , , , , ,1.25,1,1.14285714285714, 
Cdjt,2,36, ,Empresario,USA,CHICAGO,1, ,1,18500,4, , ,12,3,4,2,1,2,2,1,1, , , , , , , ,2.75,1.33333333333333,2.14285714285714, 
D.A,1,29, ,Ingeniero en Audio,USA,CHICAGO,1, ,1,6475,2, , ,12,1,1,1,1,2,1,1,1, , , , , , , ,1.25,1,1.14285714285714, 
MGH,2,23, ,Estudiante,USA,CHICAGO,1, ,1,18500,5, , ,12,3,3,1,1,1,1,1,1, , , , , , , ,2,1,1.57142857142857, 
VVCZ,2,28, ,"Actríz, Cantante, Maquillista",USA,CHICAGO,1, ,1,5550,2, , ,12,2,1,1,1,1,1,1,1, , , , , , , ,1.25,1,1.14285714285714, 
JLG,1,73, ,Chófer,USA,CHICAGO,1, ,1,9250,4, , ,6,1,1,1,1,1,1,1,1, , , , , , , ,1,1,1, 
F R,1,30, ,Independiente,USA,CHICAGO,1, ,1,11100,3, , ,12,3,2,1,1,1,1,2,1, , , , , , , ,1.75,1.33333333333333,1.57142857142857, 
APDLRT,2,28, ,Actriz,USA,CHICAGO,1, ,1,20350,3, , ,12,1,1,1,1,1,1,1,1, , , , , , , ,1,1,1, 
AM,2,30, ,Teatro,USA,CHICAGO,1, ,1,11100,5, , ,12,3,3,1,1,2,1,1,2, , , , , , , ,2.25,1,1.71428571428571, 
ALC,2,36, ,Empleada,USA,CHICAGO,1, ,1,15725,2, , ,23,2,1,1,1,1,1,3,1, , , , , , , ,1.25,1.66666666666667,1.42857142857143, 
LACA,1,32, ,Productor artistico,USA,CHICAGO,1, ,1,6475,1, , ,12,1,1,1,1,1,1,1,1, , , , , , , ,1,1,1, 
CGL,1,23, ,Productor de arte,USA,CHICAGO,1, ,1,9250,3, , ,12,3,3,1,1,2,2,1,1, , , , , , , ,2.5,1,1.85714285714286, 
Lmps,2,32, ,Agente de viajes,USA,CHICAGO,1, ,1,27750,1, , ,12,3,3,1,1,3,3,1,1, , , , , , , ,3,1,2.14285714285714, 
DH,2,31, ,Actriz,USA,CHICAGO,1, ,1,2775,1, , ,12,1,2,1,1,1,1,1,1, , , , , , , ,1.25,1,1.14285714285714, 
FC,1,42, ,Actor,USA,CHICAGO,1, ,1,9250,2, , ,12,5,2,1,1,2,1,1,1, , , , , , , ,2.5,1,1.85714285714286, 
BCO,2,32, ,Emprendedora,USA,CHICAGO,1, ,1,27750,10, , ,12,2,2,1,1,1,1,1,1, , , , , , , ,1.5,1,1.28571428571429, 
JTM,2,29, ,Ingeniera de procesos,USA,CHICAGO,1, ,1,12950,1, , ,12,1,1,1,1,2,1,1,1, , , , , , , ,1.25,1,1.14285714285714, 
BV,2,28, ,Analista Marketing,USA,CHICAGO,1, ,1,9250,1, , ,12,3,3,1,1,2,3,1,1, , , , , , , ,2.75,1,2, 
JAP,1,28, ,Artista,USA,CHICAGO,1, ,1,6475,1, , ,12,3,1,1,1,2,2,1,1, , , , , , , ,2,1,1.57142857142857, 
C021,1,52, ,CONDUCTOR,COL,LA UNION,1, ,1,2500,20, , ,7,2,3,1,1,2,1,1,1, , , , , , , ,2,1,1.57142857142857, 
C022,1,44, ,CONDUCTOR,COL,LA UNION,1, ,1,6500,50, , ,10,1,1,1,1,1,1,1,1, , , , , , , ,1,1,1, 
C023,2,53, ,CONTADORA,COL,LA UNION,1, ,1,500,2, , ,19,1,1,1,1,1,1,1,1, , , , , , , ,1,1,1, 
C025,1,51, ,CONDUCTOR,COL,LA UNION,1, ,1,450,21, , ,12,1,1,1,1,1,1,1,1, , , , , , , ,1,1,1, 
C032,2,40, ,DOCENTE,COL,ROLDANILLO,1,2,3,750,5,150,3,19,5,2,1,1,5,2,1,1,1,2,1,2,2,1,1,3.5,1,2.42857142857143,1.42857142857143
C021,1,52, ,CONDUCTOR,COL,LA UNION,1, ,1,2500,20, , ,7,2,3,1,1,2,1,1,1, , , , , , , ,2,1,1.57142857142857, 
C022,1,44, ,CONDUCTOR,COL,LA UNION,1, ,1,6500,50, , ,10,1,1,1,1,1,1,1,1, , , , , , , ,1,1,1, 
C023,2,53, ,CONTADORA,COL,LA UNION,1, ,1,500,2, , ,19,1,1,1,1,1,1,1,1, , , , , , , ,1,1,1, 
C025,1,51, ,CONDUCTOR,COL,LA UNION,1, ,1,450,21, , ,12,1,1,1,1,1,1,1,1, , , , , , , ,1,1,1, 
KMC01,1,56, ,DOCENTE UNIVERSITARIO,MEX,ESTADO DE MEXICO,1, ,1,350,1, , ,22,2,1,1,1,2,1,1,1, , , , , , , ,1.5,1,1.28571428571429, 
KMC04,1,21, ,ESTUDIANTE UNIVERSITARIO,MEX,ESTADO DE MEXICO,1, ,1,500,2.5, , ,15,2,2,1,1,1,2,1,1, , , , , , , ,1.75,1,1.42857142857143, 
KMC09,2,19, ,ESTUDIANTE UNIVERSITARIO,MEX,ESTADO DE MEXICO,1, ,1,400,2.5, , ,15,3,2,1,1,3,1,1,1, , , , , , , ,2.25,1,1.71428571428571, 
KMC10,1,25, ,ESTUDIANTE UNIVERSITARIO,MEX,ESTADO DE MEXICO,1, ,1,500,2, , ,14,1,1,1,1,3,1,2,1, , , , , , , ,1.5,1.33333333333333,1.42857142857143, 
KMC11,2,19, ,ESTUDIANTE UNIVERSITARIO,MEX,ESTADO DE MEXICO,1, ,1,250,2, , ,14,1,1,1,1,2,1,1,1, , , , , , , ,1.25,1,1.14285714285714, 
KMC13,2,20, ,ESTUDIANTE UNIVERSITARIO,MEX,ESTADO DE MEXICO,1, ,1,1000,2, , ,12,2,1,1,1,1,1,1,1, , , , , , , ,1.25,1,1.14285714285714, 
KMC16,1,32, ,ILUSTRADOR,MEX,ESTADO DE MEXICO,1, ,1,500,4, , ,16,3,1,1,1,1,3,1,1, , , , , , , ,2,1,1.57142857142857, 
KMC19,1,18, ,ESTUDIANTE UNIVERSITARIO,MEX,ESTADO DE MEXICO,1, ,1,600,2.5, , ,13,1,1,1,1,1,1,1,1, , , , , , , ,1,1,1, 
KMC22,1,26, ,ESTUDIANTE UNIVERSITARIO,MEX,ESTADO DE MEXICO,1, ,1,600,3, , ,17,5,2,2,2,2,2,1,1, , , , , , , ,2.75,1.66666666666667,2.28571428571429, 
KMC25,2,18, ,ESTUDIANTE UNIVERSITARIO,MEX,ESTADO DE MEXICO,1, ,1,300,1, , ,15,2,2,1,1,1,2,1,1, , , , , , , ,1.75,1,1.42857142857143, 
KMC30,1,20, ,ESTUDIANTE UNIVERSITARIO,MEX,ESTADO DE MEXICO,1, ,1,300,3, , ,17,2,1,1,1,1,2,2,1, , , , , , , ,1.5,1.33333333333333,1.42857142857143, 
KMC31,1,22, ,ESTUDIANTE UNIVERSITARIO,MEX,ESTADO DE MEXICO,1, ,1,500,4, , ,15,1,1,1,1,1,1,1,1, , , , , , , ,1,1,1, 
KMC34,2,20, ,ESTUDIANTE UNIVERSITARIO,MEX,ESTADO DE MEXICO,1, ,1,800,3, , ,14,1,1,1,1,1,1,1,1, , , , , , , ,1,1,1, 
KMC36,1,21, ,ESTUDIANTE UNIVERSITARIO,MEX,ESTADO DE MEXICO,1, ,1,400,2, , ,15,2,2,2,2,3,2,1,2, , , , , , , ,2.25,1.66666666666667,2, 
KMC37,1,20, ,ESTUDIANTE UNIVERSITARIO,MEX,ESTADO DE MEXICO,1, ,1,100,1, , ,13,1,1,1,1,1,1,1,1, , , , , , , ,1,1,1, 
KMC40,1,41, ,DOCENTE UNIVERSITARIO,MEX,ESTADO DE MEXICO,1, ,1,800,.5, , ,17,2,1,1,1,1,2,1,1, , , , , , , ,1.5,1,1.28571428571429, 
KMC44,1,19, ,ESTUDIANTE UNIVERSITARIO,MEX,ESTADO DE MEXICO,1, ,1,900,4, , ,14,1,1,1,1,3,2,1,1, , , , , , , ,1.75,1,1.42857142857143, 
KMC46,1,48, ,DOCENTE UNIVERSITARIO,MEX,ESTADO DE MEXICO,1, ,1,200,.5, , ,23,3,1,1,1,1,1,1,1, , , , , , , ,1.5,1,1.28571428571429, 
KMC49,2,21, ,ESTUDIANTE UNIVERSITARIO,MEX,ESTADO DE MEXICO,1, ,1,500,2, , ,12,1,1,1, , , , , , , , , , , , , , , , 
     1,2,23,500,ESTUDIANTE,MÉ,CUERNAVACA,1, ,1,500,4, , ,16,2,1,1,1,3,1,1,1, , , , , , , ,1.75,1,1.42857142857143, 
     2,2,27,400,ESTUDIANTE,MÉ,CUERNAVACA,1, ,1,400,4, , ,16,3,2,1,2,3,1,2,1, , , , , , , ,2.25,1.66666666666667,2, 
     5,1,22,300,ESTUDIANTE,MÉ,CUERNAVACA,1, ,1,300,3, , ,16,1,1,1,1,1,1,1,1, , , , , , , ,1,1,1, 
     6,2,24,350,ESTUDIANTE,MÉ,CUERNAVACA,1, ,1,350,3, , ,16,2,1,1,1,2,1,1,1, , , , , , , ,1.5,1,1.28571428571429, 
     8,1,53,500,MECANICO,MÉ,CUERNAVACA,1, ,1,500,4, , ,9,4,4,3,2,4,2,3,1, , , , , , , ,3.5,2.66666666666667,3.14285714285714, 
    10,1,42,600,ABARROTERO,MÉ,XOCHITEPEC,1, ,1,600,6, , ,11,3,3,1,3,4,3,3,1, , , , , , , ,3.25,2.33333333333333,2.85714285714286, 
    21,2,28,300,LASHISTA,MÉ,CUERNAVACA,1, ,1,300,3, , ,14,2,2,1,1,1,1,1,2, , , , , , , ,1.5,1,1.28571428571429, 
    23,1,45,700,RESTAURANTE,MÉ,CUERNAVACA,1, ,1,700,4, , ,12,2,2,1,2,2,1,2,1, , , , , , , ,1.75,1.66666666666667,1.71428571428571, 
    24,1,62,400,JUBILADO,MÉ,CUERNAVACA,1, ,1,400,3, , ,17,1,1,1,1,1,1,2,1, , , , , , , ,1,1.33333333333333,1.14285714285714, 
    28,1,38,600,ABARROTERO,MÉ,CUERNAVACA,1, ,3,500,3,100,1,12,3,5,2,3,3,3,3,1,5,4,2,2,2,2,2,3.5,2.66666666666667,3.14285714285714,2.71428571428571
    35,1,27,800,TAXISTA,MÉ,CUERNAVACA,1, ,1,800,9, , ,10,3,3,1,2,2,2,3,1, , , , , , , ,2.5,2,2.28571428571429, 
    37,1,45,900,TAXISTA,MÉ,CUERNAVACA,1, ,1,900,8, , ,9,4,4,2,5,2,2,2,1, , , , , , , ,3,3,3, 
    40,1,47,1000,TAXISTA,MÉ,CUERNAVACA,1, ,1,1000,7, , ,8,3,3,2,4,3,3,3,1, , , , , , , ,3,3,3, 
    41,2,59,400,ESTILISTA,MÉ,CUERNAVACA,1, ,1,400,2, , ,17,1,1,1,1,1,1,1,1, , , , , , , ,1,1,1, 
    42,1,44,400,ABARROTERO,MÉ,CUERNAVACA,1, ,1,400,3, , ,12,3,3,2,3,3,2,3,1, , , , , , , ,2.75,2.66666666666667,2.71428571428571, 
    46,1,52,800,TAQUERO,MÉ,CUERNAVACA,1, ,1,800,5, , ,9,5,1,1,1,1,1,1,1, , , , , , , ,2,1,1.57142857142857, 
    47,1,33,1300,RUTERO,MÉ,CUERNAVACA,1, ,1,1300,9, , ,9,4,4,1,4,4,4,4,1, , , , , , , ,4,3,3.57142857142857, 
    48,1,29,1200,TAXISTA,MÉ,CUERNAVACA,1, ,1,1200,8, , ,11,5,1,1,1,5,1,1,1, , , , , , , ,3,1,2.14285714285714, 
    49,1,56,500,VERDULERO,MÉ,CUERNAVACA,1, ,1,500,3, , ,9,5,1,1,1,2,1,1,5, , , , , , , ,2.25,1,1.71428571428571, 
    50,1,48,500,ABOGADO,MÉ,CUERNAVACA,1, ,1,500,4, , ,17,1,1,1,1,1,1,1,1, , , , , , , ,1,1,1, 
    52,1,61,500,ABARROTERO,MÉ,CUERNAVACA,1, ,1,500,2, , ,9,4,4,3,4,3,3,3,1, , , , , , , ,3.5,3.33333333333333,3.42857142857143, 
    53,1,50,300,ESTILISTA,MÉ,XOCHITEPEC,1, ,1,300,2, , ,17,3,1,1,1,1,1,2,1, , , , , , , ,1.5,1.33333333333333,1.42857142857143, 
    54,2,51,300,ESTILISTA,MÉ,XOCHITEPEC,1, ,1,300,1, , ,12,1,1,1,1,1,1,1,1, , , , , , , ,1,1,1, 
    55,1,51,700,RESTAURANTE,MÉ,XOCHITEPEC,1, ,1,700,3, , ,17,4,3,1,1,3,1,1,1, , , , , , , ,2.75,1,2, 
    61,1,62,400,PROFESOR,MÉ,XOCHITEPEC,1, ,1,400,2, , ,17,1,1,1,1,4,1,1,1, , , , , , , ,1.75,1,1.42857142857143, 
    62,1,57,300,CARNICERO,MÉ,XOCHITEPEC,1, ,1,300,2, , ,10,3,3,3,3,3,3,3,1, , , , , , , ,3,3,3, 
    64,1,45,600,JARDINERO,MÉ,XOCHITEPEC,1, ,1,600,3, , ,7,2,2,1,1,2,1,1,1, , , , , , , ,1.75,1,1.42857142857143, 
    65,1,57,700,ALBAÑIL,MÉ,CUERNAVACA,1, ,1,700,4, , ,12,4,4,2,3,3,3,3,1, , , , , , , ,3.5,2.66666666666667,3.14285714285714, 
    66,1,43,6000,TRAILERO,MÉ,CUERNAVACA,1, ,1,6000,10, , ,12,2,2,2,1,3,3,2,1, , , , , , , ,2.5,1.66666666666667,2.14285714285714, 
    67,1,48,300,PROFESOR,MÉ,CUERNAVACA,1, ,1,300,2, , ,17,1,1,1,1,1,1,1,1, , , , , , , ,1,1,1, 
    71,1,49,900,TAXISTA,MÉ,CUERNAVACA,1, ,1,900,10, , ,8,3,3,1,2,2,2,1,1, , , , , , , ,2.5,1.33333333333333,2, 
    72,1,34,1000,TAXISTA,MÉ,CUERNAVACA,1, ,1,1000,9, , ,6,4,2,1,2,4,5,2,1, , , , , , , ,3.75,1.66666666666667,2.85714285714286, 
    78,1,59,800,VERDULERO,MÉ,CUERNAVACA,1, ,1,800,6, , ,11,3,3,1,2,2,2,2,1, , , , , , , ,2.5,1.66666666666667,2.14285714285714, 
    79,1,48,500,POLLERO,MÉ,CUERNAVACA,1, ,1,500,3, , ,12,2,2,1,2,4,3,3,1, , , , , , , ,2.75,2,2.42857142857143, 
    82,2,32,300,INSTRUCTORA DE GYM,MÉ,CUERNAVACA,1, ,1,300,2, , ,12,2,1,1,1,2,1,1,1, , , , , , , ,1.5,1,1.28571428571429, 
    83,2,45,300,INSTRUCTORA DE YOGA,MÉ,CUERNAVACA,1, ,1,300,2, , ,12,1,1,1,1,1,1,1,1, , , , , , , ,1,1,1, 
    84,1,47,250,POLICIA,MÉ,XOCHITEPEC,1, ,1,250,3, , ,17,1,1,1,1,1,1,1,1, , , , , , , ,1,1,1, 
    85,1,53,300,POLICIA,MÉ,XOCHITEPEC,1, ,1,300,2, , ,17,1,1,1,1,1,1,1,1, , , , , , , ,1,1,1, 
    87,2,55,300,PSICOLOGA,MÉ,XOCHITEPEC,1, ,1,300,3, , ,17,1,1,1,1,3,1,1,1, , , , , , , ,1.5,1,1.28571428571429, 
    88,1,60,300,JUBILADO,MÉ,XOCHITEPEC,1, ,1,400,2, , ,17,2,2,1,2,3,2,2,1, , , , , , , ,2.25,1.66666666666667,2, 
    89,1,31,500,PSICOLOGO,MÉ,CUERNAVACA,1, ,1,500,2, , ,17,1,1,1,1,1,1,1,1, , , , , , , ,1,1,1, 
    90,2,47,400,MEDICO,MÉ,XOCHITEPEC,1, ,1,400,3, , ,19,2,1,1,1,2,2,2,1, , , , , , , ,1.75,1.33333333333333,1.57142857142857, 
    91,1,54,600,MEDICO,MÉ,XOCHITEPEC,1, ,1,600,4, , ,19,3,2,1,2,3,2,1,1, , , , , , , ,2.5,1.33333333333333,2, 
    92,1,57,300,BANQUERO,MÉ,XOCHITEPEC,1, ,1,500,3, , ,17,2,2,1,1,3,3,3,1, , , , , , , ,2.5,1.66666666666667,2.14285714285714, 
    93,1,63,500,AMA DE CASA,MÉ,CUERNAVACA,1, ,1,500,3, , ,17,4,1,1,1,1,1,1,1, , , , , , , ,1.75,1,1.42857142857143, 
    94,1,52,700,JARDINERO,MÉ,CUERNAVACA,1, ,1,700,4, , ,12,2,2,1,1,1,2,2,2, , , , , , , ,1.75,1.33333333333333,1.57142857142857, 
LDG-00,1,20,150,ESTUDIANTE,MEX,MORELIA,1, ,1,150,2, , ,15,2,1,1,1,2,1,2,2, , , , , , , ,1.5,1.33333333333333,1.42857142857143, 
LDG-00,1,21,200,ESTUDIANTE,MEX,MORELIA,1, ,1,200,2, , ,15,2,1,2,1,1,1,2,1, , , , , , , ,1.25,1.66666666666667,1.42857142857143, 
LDG-00,2,26,250,CONTADORA,MEX,MORELIA,1, ,1,250,2, , ,17,2,1,1,1,1,2,1,1, , , , , , , ,1.5,1,1.28571428571429, 
LDG-01,1,18,120,ESTUDIANTE,MEX,MORELIA,1, ,1,120,1, , ,13,2,2,1,1,1,1,1,1, , , , , , , ,1.5,1,1.28571428571429, 
LDG-01,1,37,350,INGENIERO CIVIL,MEX,MORELIA,1, ,1,350,3, , ,17,1,1,1,1,1,1,1,1, , , , , , , ,1,1,1, 
LDG-01,2,45,200,ODONTOLOGA,MEX,MORELIA,1, ,1,200,2, , ,17,1,1,1,1,1,2,1,1, , , , , , , ,1.25,1,1.14285714285714, 
LDG-02,1,25,230,LICENCIADO EN TURISMO,MEX,MORELIA,1, ,1,230,2, , ,16,1,2,1,1,1,1,1,1, , , , , , , ,1.25,1,1.14285714285714, 
LDG-02,1,42,500,TAXISTA,MEX,MORELIA,1, ,1,500,5, , ,17,3,2,1,1,1,1,1,1, , , , , , , ,1.75,1,1.42857142857143, 
LDG-02,1,36,350,ABOGADO,MEX,MORELIA,1, ,1,350,3, , ,19,2,2,1,1,1,1,1,1, , , , , , , ,1.5,1,1.28571428571429, 
LDG-02,1,33,200,VETERINARIO,MEX,MORELIA,1, ,1,200,2, , ,17,2,2,1,1,1,1,1,1, , , , , , , ,1.5,1,1.28571428571429, 
LDG-02,2,27,120,ESTUDIANTE,MEX,MORELIA,1, ,1,120,1, , ,15,2,1,1,1,1,1,1,1, , , , , , , ,1.25,1,1.14285714285714, 
LDG-02,1,21,400,TAXISTA,MEX,MORELIA,1, ,1,400,4, , ,16,4,1,3,1,1,3,4,1, , , , , , , ,2.25,2.66666666666667,2.42857142857143, 
LDG-02,2,39,350,ODONTOLOGA,MEX,MORELIA,1, ,1,350,3, , ,16,1,2,1,1,1,1,1,1, , , , , , , ,1.25,1,1.14285714285714, 
LDG-02,2,33,190,PSICOLOGA,MEX,MORELIA,1, ,1,350,3, , ,17,2,1,1,1,1,1,1,1, , , , , , , ,1.25,1,1.14285714285714, 
LDG-03,2,28,240,ABOGADA,MEX,MORELIA,1, ,1,240,2, , ,19,1,1,1,1,1,1,1,1, , , , , , , ,1,1,1, 
LDG-03,2,51,450,CHOFER ESCOLAR,MEX,MORELIA,1, ,1,450,4, , ,17,1,2,1,1,1,1,3,1, , , , , , , ,1.25,1.66666666666667,1.42857142857143, 
LDG-03,1,49,300,INGENIERO INDUSTRIAL,MEX,MORELIA,1, ,1,300,2, , ,17,3,1,2,1,1,1,1,1, , , , , , , ,1.5,1.33333333333333,1.42857142857143, 
LDG-03,1,42,290,CONTADORA PUBLICA,MEX,MORELIA,1, ,1,290,2, , ,16,2,1,1,1,2,1,2,1, , , , , , , ,1.5,1.33333333333333,1.42857142857143, 
LDG-03,2,22,250,RECEPCIONISTA,MEX,MORELIA,1, ,1,250,2, , ,12,1,2,1,1,2,2,1,1, , , , , , , ,1.75,1,1.42857142857143, 
LDG-03,1,30,500,TRANSPORTISTA URBANO,MEX,MORELIA,1, ,1,500,5, , ,12,3,1,2,3,1,1,4,2, , , , , , , ,1.5,3,2.14285714285714, 
LDG-03,2,45,470,ABOGADA,MEX,MORELIA,1, ,1,470,3, , ,17,1,1,1,1,2,1,2,1, , , , , , , ,1.25,1.33333333333333,1.28571428571429, 
LDG-04,2,19,240,CAJERA DE TIENDA,MEX,MORELIA,1, ,1,240,2, , ,12,2,2,1,1,1,1,1,1, , , , , , , ,1.5,1,1.28571428571429, 
LDG-04,2,50,320,INGENIERA QUIMICA,MEX,MORELIA,1, ,1,320,3, , ,17,1,1,1,1,1,1,3,1, , , , , , , ,1,1.66666666666667,1.28571428571429, 
LDG-04,1,21,270,ESTUDIANTE,MEX,MORELIA,1, ,1,270,3, , ,15,2,1,1,1,1,1,1,1, , , , , , , ,1.25,1,1.14285714285714, 
LDG-04,1,53,280,ADMINISTRADOR,MEX,QUERETARO,1, ,1,280,2, , ,17,3,1,1,1,1,1,2,1, , , , , , , ,1.5,1.33333333333333,1.42857142857143, 
LDG-04,2,45,240,ESTILISTA,MEX,QUERETARO,1, ,1,240,2, , ,12,2,1,1,1,1,1,1,1, , , , , , , ,1.25,1,1.14285714285714, 
LDG-05,1,41,300,ASISTENTE DE VENTAS,MEX,QUERETARO,1, ,1,300,3, , ,17,2,1,1,1,1,1,2,1, , , , , , , ,1.25,1.33333333333333,1.28571428571429, 
LDG-05,1,21,350,ESTUDIANTE,MEX,QUERETARO,1, ,1,350,2, , ,15,2,2,1,1,2,1,1,1, , , , , , , ,1.75,1,1.42857142857143, 
LDG-05,1,20,200,ESTUDIANTE,MEX,MORELIA,1, ,1,200,2, , ,15,2,2,1,1,1,1,1,1, , , , , , , ,1.5,1,1.28571428571429, 
LDG-05,1,56,250,EMPLEADO DE BANCO,MEX,MORELIA,1, ,1,250,2, , ,17,2,2,1,1,1,1,3,1, , , , , , , ,1.5,1.66666666666667,1.57142857142857, 
LDG-06,2,52,300,GERENTE,MEX,MORELIA,1, ,1,300,3, , ,19,2,1,1,1,1,1,1,1, , , , , , , ,1.25,1,1.14285714285714, 
LDG-06,1,21,250,ESTUDIANTE,MEX,MORELIA,1, ,1,250,2, , ,16,2,2,1,1,1,1,1,1, , , , , , , ,1.5,1,1.28571428571429, 
LDG-06,1,19,200,DISEÑADOR GRAFICO,MEX,MORELIA,1, ,1,200,2, , ,17,3,1,1,1,1,1,1,1, , , , , , , ,1.5,1,1.28571428571429, 
LDG-06,1,27,200,ENFERMERA,MEX,MORELIA,1, ,1,200,2, , ,15,2,1,1,1,1,1,1,1, , , , , , , ,1.25,1,1.14285714285714, 
LDG-06,1,29,300,ABOGADO,MEX,MORELIA,1, ,1,300,2, , ,17,2,1,1,1,1,1,1,1, , , , , , , ,1.25,1,1.14285714285714, 
LDG-07,1,19,200,SECRETARIA,MEX,MORELIA,1, ,1,200,2, , ,13, , , , , , , , , , , , , , , , , , , 
LDG-07,1,30,300,INGENIERO INDUSTRIAL,MEX,MORELIA,1, ,1,300,2, , ,17,1,1,1,1,1,1,1,1, , , , , , , ,1,1,1, 
LDG-08,2,61,240,JUBILADO,MEX,MORELIA,1, ,1,240,2, , ,19,2,1,1,1,1,1,2,1, , , , , , , ,1.25,1.33333333333333,1.28571428571429, 
LDG-08,1,30,250,COMERCIANTE,MEX,MORELIA,1, ,1,250,1, , ,12,2,1,1,1,2,1,1,1, , , , , , , ,1.5,1,1.28571428571429, 
LDG-08,2,21,200,ATENCION A CLIENTES,MEX,MORELIA,1, ,1,200,1, , ,14,1,1,1,1,1,1,2,1, , , , , , , ,1,1.33333333333333,1.14285714285714, 
LDG-08,1,33,200,INGENIERO ELECTRICO,MEX,MORELIA,1, ,1,200,2, , ,17,2,1,1,1,1,1,1,1, , , , , , , ,1.25,1,1.14285714285714, 
LDG-08,1,39,200,PROGRAMADOR,MEX,MORELIA,1, ,1,200,2, , ,17,3,1,1,1,1,1,2,1, , , , , , , ,1.5,1.33333333333333,1.42857142857143, 
LDG-08,2,30,250,MERCADOLOGO,MEX,MORELIA,1, ,1,250,3, , ,17,2,1,1,1,1,1,2,1, , , , , , , ,1.25,1.33333333333333,1.28571428571429, 
LDG-09,2,39,300,CARDIOLOGA,MEX,MORELIA,1, ,1,300,3, , ,23,2,1,1,1,1,1,2,1, , , , , , , ,1.25,1.33333333333333,1.28571428571429, 
LDG-09,2,22,200,AUXILIAR DE RECURSOS HUMANOS,MEX,MORELIA,1, ,1,200,1, , ,17,2,1,1,1,1,1,1,1, , , , , , , ,1.25,1,1.14285714285714, 
LDG-09,1,29,200,EDITOR DE CONTENIDO,MEX,MORELIA,1, ,1,200,2, , ,16,1,1,1,1,2,1,1,1, , , , , , , ,1.25,1,1.14285714285714, 
LDG-09,1,33,350,ASESOR FINANCIERO,MEX,MORELIA,1, ,1,350,3, , ,17,2,1,1,1,1,1,2,1, , , , , , , ,1.25,1.33333333333333,1.28571428571429, 
LDG-09,2,42,200,ADMINISTRADORA DE EMPRESAS,MEX,MORELIA,1, ,1,200,1, , ,17,1,1,1,1,1,1,1,1, , , , , , , ,1,1,1, 
PESA,2,29, ,Diseñadora instruccional,USA,CHICAGO, ,1,2,0,0,120,1,12, , , , , , , , ,2,2,1,1,1,1,1, , , ,1.28571428571429
C001,1,23, ,EMPLEADO,COL,ROLDANILLO, ,2,2, , ,200,1,17, , , , , , , , ,3,2,1,2,1,3,3, , , ,2.14285714285714
C009,1,16, ,ESTUDIANTE,COL,LA UNION, ,2,2, , ,100,1,12, , , , , , , , ,4,3,1,1,1,1,1, , , ,1.71428571428571
C011,1,21, ,OPERARIO,COL,LA UNION, ,2,2, , ,100,5,12, , , , , , , , ,5,2,2,1,1,1,1, , , ,1.85714285714286
C012,2,40, ,EMPACADORA,COL,LA UNION, ,2,2, , ,100,3,12, , , , , , , , ,4,4,1,1,1,1,1, , , ,1.85714285714286
C013,1,31, ,ADMINISTRADOR,COL,LA UNION, ,2,2, , ,125,3,17, , , , , , , , ,3,1,1,1,1,1,1, , , ,1.28571428571429
C018,2,35, ,AGRICULTORA,COL,LA UNION, ,2,2, , ,50,2,17, , , , , , , , ,1,3,1,3,3,1,1, , , ,1.85714285714286
C019,2,33, ,EMPLEADA,COL,LA UNION, ,2,2, , ,50,.5,11, , , , , , , , ,2,1,1,1,1,1,1, , , ,1.14285714285714
C020,2,26, ,AMA DE CASA,COL,LA UNION, ,2,2, , ,75,1,11, , , , , , , , ,2,1,1,1,1,1,1, , , ,1.14285714285714
C024,2,37, ,AUXILIAR ADMINISTRATIVA,COL,LA UNION, ,2,2, , ,50,.7,15, , , , , , , , ,2,1,1,1,1,1,1, , , ,1.14285714285714
C026,2,32, ,OFICIOS VARIOS,COL,LA UNION, ,2,2, , ,50,1,12, , , , , , , , ,1,2,1,1,1,3,1, , , ,1.42857142857143
C027,1,42, ,OFICIOS VARIOS,COL,LA UNION, ,2,2, , ,100,4,12, , , , , , , , ,5,1,3,3,2,5,1, , , ,2.85714285714286
C028,1,48, ,OFICIOS VARIOS,COL,LA UNION, ,2,2, , ,50,1,12, , , , , , , , ,2,3,1,1,1,1,1, , , ,1.42857142857143
C029,1,27, ,OFICIOS VARIOS,COL,LA UNION, ,2,2, , ,120,4,8, , , , , , , , ,2,1,2,1,1,1,1, , , ,1.28571428571429
C031,2,16, ,ESTUDIANTE,COL,ROLDANILLO, ,2,2, , ,100,2,11, , , , , , , , ,2,2,1,1,1,2,1, , , ,1.42857142857143
C033,2,17, ,ESTUDIANTE,COL,ROLDANILLO, ,2,2, , ,250,3,11, , , , , , , , ,3,2,2,3,3,2,1, , , ,2.28571428571429
C034,1,16, ,ESTUDIANTE,COL,ROLDANILLO, ,2,2, , ,50,.5,11, , , , , , , , ,2,2,1,1,1,2,1, , , ,1.42857142857143
C035,1,17, ,ESTUDIANTE,COL,ROLDANILLO, ,2,2, , ,175,3.5,11, , , , , , , , ,3,3,1,1,1,2,1, , , ,1.71428571428571
C037,2,17, ,ESTUDIANTE,COL,ROLDANILLO, ,2,2, , ,100,1,11, , , , , , , , ,2,1,1,1,1,1,1, , , ,1.14285714285714
C040,1,20, ,ESTUDIANTE,COL,ROLDANILLO, ,2,2, , ,125,1,15, , , , , , , , ,2,1,1,2,1,2,1, , , ,1.42857142857143
C041,2,23, ,ESTUDIANTE,COL,ROLDANILLO, ,2,2, , ,125,1,15, , , , , , , , ,2,1,1,3,3,1,1, , , ,1.71428571428571
C042,2,21, ,ESTUDIANTE,COL,ROLDANILLO, ,2,2, , ,25,1,15, , , , , , , , ,2,1,1,3,1,1,1, , , ,1.42857142857143
C043,2,21, ,ESTUDIANTE,COL,ROLDANILLO, ,2,2, , ,150,4.5,15, , , , , , , , ,2,1,1,1,1,3,1, , , ,1.42857142857143
C044,1,22, ,ESTUDIANTE,COL,ROLDANILLO, ,2,2, , ,150,1,16, , , , , , , , ,2,1,1,1,1,3,1, , , ,1.42857142857143
C045,1,26, ,ESTUDIANTE,COL,ROLDANILLO, ,2,2, , ,200,1.5,16, , , , , , , , ,2,1,1,1,2,4,1, , , ,1.71428571428571
C048,1,20, ,ESTUDIANTE,COL,ZARZAL, ,2,2, , ,175,1.5,16, , , , , , , , ,3,2,1,1,1,2,1, , , ,1.57142857142857
C053,2,24, ,ESTUDIANTE,COL,ZARZAL, ,2,2, , ,50,1,15, , , , , , , , ,3,3,1,1,1,2,1, , , ,1.71428571428571
C054,1,45, ,ESTUDIANTE,COL,ROLDANILLO, ,2,2, , ,150,6,17, , , , , , , , ,3,3,2,3,3,2,4, , , ,2.85714285714286
C055,2,35, ,INDEPENDIENTE,COL,ROLDANILLO, ,2,2, , ,80,3,17, , , , , , , , ,3,2,1,1,1,2,1, , , ,1.57142857142857
C057,1,23, ,ESTUDIANTE,COL,ZARZAL, ,2,2, , ,100,4,15, , , , , , , , ,3,5,1,2,1,2,1, , , ,2.14285714285714
C058,2,21, ,ESTUDIANTE,COL,LA UNION, ,2,2, , ,50,1,15, , , , , , , , ,4,2,3,1,1,3,1, , , ,2.14285714285714
C060,2,21, ,ESTUDIANTE,COL,LA UNION, ,2,2, , ,250,2,15, , , , , , , , ,2,1,1,3,1,2,1, , , ,1.57142857142857
C062,1,23, ,ESTUDIANTE,COL,ROLDANILLO, ,2,2, , ,50,1,15, , , , , , , , ,4,2,1,1,1,2,1, , , ,1.71428571428571
C063,2,21, ,ESTUDIANTE,COL,ROLDANILLO, ,2,2, , ,50,1.5,15, , , , , , , , ,1,1,1,1,1,1,1, , , ,1
C064,2,20, ,DISEÑADORA ESTUDIANTE,COL,ROLDANILLO, ,2,2, , ,100,.5,15, , , , , , , , ,3,1,1,1,1,1,1, , , ,1.28571428571429
C065,1,22, ,PRODUCTOR,COL,ROLDANILLO, ,2,2, , ,125,8,15, , , , , , , , ,4,4,3,1,1,3,3, , , ,2.71428571428571
C069,2,18, ,ESTUDIANTE,COL,ROLDANILLO, ,2,2, , ,50,.5,12, , , , , , , , ,2,1,1,1,1,1,1, , , ,1.14285714285714
C070,2,22, ,ESTUDIANTE,COL,ZARZAL, ,2,2, , ,50,2.5,16, , , , , , , , ,1,1,1,1,1,1,1, , , ,1
C091,2,19, ,ESTUDIANTE Y TRABAJADOR,COL,ROLDANILLO, ,2,2, , ,55,1.5,13, , , , , , , , ,1,1,1,1,1,1,1, , , ,1
C092,2,18, ,ESTUDIANTE,COL,ZARZAL, ,2,2, , ,62.5,1,13, , , , , , , , ,2,1,1,1,1,2,1, , , ,1.28571428571429
C096,2,20, ,ESTUDIANTE Y TRABAJADOR,COL,ZARZAL, ,2,2, , ,150,7,13, , , , , , , , ,4,1,3,1,1,3,1, , , ,2
C098,1,18, ,ESTUDIANTE,COL,LA UNION, ,2,2, , ,50,3.5,13, , , , , , , , ,2,4,1,1,1,2,1, , , ,1.71428571428571
C100,2,34, ,ADMINISTRATIVA,COL,ROLDANILLO, ,2,2, , ,50,2,17, , , , , , , , ,2,1,1,1,1,2,1, , , ,1.28571428571429
C001,1,23, ,EMPLEADO,COL,ROLDANILLO, ,2,2, , ,200,1,17, , , , , , , , ,3,2,1,2,1,3,3, , , ,2.14285714285714
C009,1,16, ,ESTUDIANTE,COL,LA UNION, ,2,2, , ,100,1,12, , , , , , , , ,4,3,1,1,1,1,1, , , ,1.71428571428571
C011,1,21, ,OPERARIO,COL,LA UNION, ,2,2, , ,100,5,12, , , , , , , , ,5,2,2,1,1,1,1, , , ,1.85714285714286
C012,2,40, ,EMPACADORA,COL,LA UNION, ,2,2, , ,100,3,12, , , , , , , , ,4,4,1,1,1,1,1, , , ,1.85714285714286
C013,1,31, ,ADMINISTRADOR,COL,LA UNION, ,2,2, , ,125,3,17, , , , , , , , ,3,1,1,1,1,1,1, , , ,1.28571428571429
C018,2,35, ,AGRICULTORA,COL,LA UNION, ,2,2, , ,50,2,17, , , , , , , , ,1,3,1,3,3,1,1, , , ,1.85714285714286
C019,2,33, ,EMPLEADA,COL,LA UNION, ,2,2, , ,50,.5,11, , , , , , , , ,2,1,1,1,1,1,1, , , ,1.14285714285714
C020,2,26, ,AMA DE CASA,COL,LA UNION, ,2,2, , ,75,1,11, , , , , , , , ,2,1,1,1,1,1,1, , , ,1.14285714285714
C024,2,37, ,AUXILIAR ADMINISTRATIVA,COL,LA UNION, ,2,2, , ,50,.7,15, , , , , , , , ,2,1,1,1,1,1,1, , , ,1.14285714285714
C026,2,32, ,OFICIOS VARIOS,COL,LA UNION, ,2,2, , ,50,1,12, , , , , , , , ,1,2,1,1,1,3,1, , , ,1.42857142857143
C027,1,42, ,OFICIOS VARIOS,COL,LA UNION, ,2,2, , ,100,4,12, , , , , , , , ,5,1,3,3,2,5,1, , , ,2.85714285714286
C028,1,48, ,OFICIOS VARIOS,COL,LA UNION, ,2,2, , ,50,1,12, , , , , , , , ,2,3,1,1,1,1,1, , , ,1.42857142857143
C029,1,27, ,OFICIOS VARIOS,COL,LA UNION, ,2,2, , ,120,4,8, , , , , , , , ,2,1,2,1,1,1,1, , , ,1.28571428571429
C031,2,16, ,ESTUDIANTE,COL,ROLDANILLO, ,2,2, , ,100,2,11, , , , , , , , ,2,2,1,1,1,2,1, , , ,1.42857142857143
C033,2,17, ,ESTUDIANTE,COL,ROLDANILLO, ,2,2, , ,250,3,11, , , , , , , , ,3,2,2,3,3,2,1, , , ,2.28571428571429
C034,1,16, ,ESTUDIANTE,COL,ROLDANILLO, ,2,2, , ,50,.5,11, , , , , , , , ,2,2,1,1,1,2,1, , , ,1.42857142857143
C035,1,17, ,ESTUDIANTE,COL,ROLDANILLO, ,2,2, , ,175,3.5,11, , , , , , , , ,3,3,1,1,1,2,1, , , ,1.71428571428571
C037,2,17, ,ESTUDIANTE,COL,ROLDANILLO, ,2,2, , ,100,1,11, , , , , , , , ,2,1,1,1,1,1,1, , , ,1.14285714285714
C040,1,20, ,ESTUDIANTE,COL,ROLDANILLO, ,2,2, , ,125,1,15, , , , , , , , ,2,1,1,2,1,2,1, , , ,1.42857142857143
C041,2,23, ,ESTUDIANTE,COL,ROLDANILLO, ,2,2, , ,125,1,15, , , , , , , , ,2,1,1,3,3,1,1, , , ,1.71428571428571
C042,2,21, ,ESTUDIANTE,COL,ROLDANILLO, ,2,2, , ,25,1,15, , , , , , , , ,2,1,1,3,1,1,1, , , ,1.42857142857143
C043,2,21, ,ESTUDIANTE,COL,ROLDANILLO, ,2,2, , ,150,4.5,15, , , , , , , , ,2,1,1,1,1,3,1, , , ,1.42857142857143
C044,1,22, ,ESTUDIANTE,COL,ROLDANILLO, ,2,2, , ,150,1,16, , , , , , , , ,2,1,1,1,1,3,1, , , ,1.42857142857143
C045,1,26, ,ESTUDIANTE,COL,ROLDANILLO, ,2,2, , ,200,1.5,16, , , , , , , , ,2,1,1,1,2,4,1, , , ,1.71428571428571
C048,1,20, ,ESTUDIANTE,COL,ZARZAL, ,2,2, , ,175,1.5,16, , , , , , , , ,3,2,1,1,1,2,1, , , ,1.57142857142857
C053,2,24, ,ESTUDIANTE,COL,ZARZAL, ,2,2, , ,50,1,15, , , , , , , , ,3,3,1,1,1,2,1, , , ,1.71428571428571
C054,1,45, ,ESTUDIANTE,COL,ROLDANILLO, ,2,2, , ,150,6,17, , , , , , , , ,3,3,2,3,3,2,4, , , ,2.85714285714286
C055,2,35, ,INDEPENDIENTE,COL,ROLDANILLO, ,2,2, , ,80,3,17, , , , , , , , ,3,2,1,1,1,2,1, , , ,1.57142857142857
C057,1,23, ,ESTUDIANTE,COL,ZARZAL, ,2,2, , ,100,4,15, , , , , , , , ,3,5,1,2,1,2,1, , , ,2.14285714285714
C058,2,21, ,ESTUDIANTE,COL,LA UNION, ,2,2, , ,50,1,15, , , , , , , , ,4,2,3,1,1,3,1, , , ,2.14285714285714
C060,2,21, ,ESTUDIANTE,COL,LA UNION, ,2,2, , ,250,2,15, , , , , , , , ,2,1,1,3,1,2,1, , , ,1.57142857142857
C062,1,23, ,ESTUDIANTE,COL,ROLDANILLO, ,2,2, , ,50,1,15, , , , , , , , ,4,2,1,1,1,2,1, , , ,1.71428571428571
C063,2,21, ,ESTUDIANTE,COL,ROLDANILLO, ,2,2, , ,50,1.5,15, , , , , , , , ,1,1,1,1,1,1,1, , , ,1
C064,2,20, ,DISEÑADORA ESTUDIANTE,COL,ROLDANILLO, ,2,2, , ,100,.5,15, , , , , , , , ,3,1,1,1,1,1,1, , , ,1.28571428571429
C065,1,22, ,PRODUCTOR,COL,ROLDANILLO, ,2,2, , ,125,8,15, , , , , , , , ,4,4,3,1,1,3,3, , , ,2.71428571428571
C069,2,18, ,ESTUDIANTE,COL,ROLDANILLO, ,2,2, , ,50,.5,12, , , , , , , , ,2,1,1,1,1,1,1, , , ,1.14285714285714
C070,2,22, ,ESTUDIANTE,COL,ZARZAL, ,2,2, , ,50,2.5,16, , , , , , , , ,1,1,1,1,1,1,1, , , ,1
C091,2,19, ,ESTUDIANTE Y TRABAJADOR,COL,ROLDANILLO, ,2,2, , ,55,1.5,13, , , , , , , , ,1,1,1,1,1,1,1, , , ,1
C092,2,18, ,ESTUDIANTE,COL,ZARZAL, ,2,2, , ,62.5,1,13, , , , , , , , ,2,1,1,1,1,2,1, , , ,1.28571428571429
C096,2,20, ,ESTUDIANTE Y TRABAJADOR,COL,ZARZAL, ,2,2, , ,150,7,13, , , , , , , , ,4,1,3,1,1,3,1, , , ,2
C098,1,18, ,ESTUDIANTE,COL,LA UNION, ,2,2, , ,50,3.5,13, , , , , , , , ,2,4,1,1,1,2,1, , , ,1.71428571428571
C100,2,34, ,ADMINISTRATIVA,COL,ROLDANILLO, ,2,2, , ,50,2,17, , , , , , , , ,2,1,1,1,1,2,1, , , ,1.28571428571429
KMC03,1,19, ,ESTUDIANTE UNIVERSITARIO,MEX,ESTADO DE MEXICO, ,2,2, , ,300,1,15, , , , , , , , ,2,2,3,2,2,2,1, , , ,2
KMC06,1,19, ,REPARTIDOR,MEX,ESTADO DE MEXICO, ,2,2, , ,300,12,13, , , , , , , , ,2,2,1,1,1,1,1, , , ,1.28571428571429
KMC08,2,21, ,ESTUDIANTE UNIVERSITARIO,MEX,ESTADO DE MEXICO, ,2,2, , ,200,1.5,15, , , , , , , , ,2,1,2,1,2,2,1, , , ,1.57142857142857
KMC12,1,20, ,ESTUDIANTE UNIVERSITARIO,MEX,ESTADO DE MEXICO, ,2,2, , ,200,2,14, , , , , , , , ,4,2,1,4,1,4,3, , , ,2.71428571428571
KMC14,1,22, ,ESTUDIANTE UNIVERSITARIO,MEX,ESTADO DE MEXICO, ,2,2, , ,200,1,13, , , , , , , , ,2,2,1,1,2,1,1, , , ,1.42857142857143
KMC18,1,21, ,ESTUDIANTE UNIVERSITARIO,MEX,ESTADO DE MEXICO, ,2,2, , ,100,2,15, , , , , , , , ,1,2,3,2,2,2,2, , , ,2
KMC20,2,18, ,ESTUDIANTE UNIVERSITARIO,MEX,ESTADO DE MEXICO, ,2,2, , ,100,.5,13, , , , , , , , ,1,5,1,1,1,4,1, , , ,2
KMC24,1,23, ,ESTUDIANTE UNIVERSITARIO,MEX,ESTADO DE MEXICO, ,2,2, , ,150,1.32,14, , , , , , , , ,2,3,3,2,2,1,1, , , ,2
KMC26,1,24, ,ESTUDIANTE UNIVERSITARIO,MEX,ESTADO DE MEXICO, ,2,2, , ,350,3,15, , , , , , , , ,2,1,1,2,1,2,1, , , ,1.42857142857143
KMC28,1,23, ,ESTUDIANTE UNIVERSITARIO,MEX,ESTADO DE MEXICO, ,2,2, , ,300,2,17, , , , , , , , ,3,2,2,2,1,2,1, , , ,1.85714285714286
KMC29,2,20, ,ESTUDIANTE UNIVERSITARIO,MEX,ESTADO DE MEXICO, ,2,2, , ,150,1.5,17, , , , , , , , ,3,3,2,4,4,1,1, , , ,2.57142857142857
KMC33,1,22, ,ESTUDIANTE UNIVERSITARIO,MEX,ESTADO DE MEXICO, ,2,2, , ,400,4,16, , , , , , , , ,5,3,1,1,1,2,1, , , ,2
KMC38,1,18, ,ESTUDIANTE UNIVERSITARIO,MEX,ESTADO DE MEXICO, ,2,2, , ,250,4,12, , , , , , , , ,3,3,1,2,3,2,1, , , ,2.14285714285714
KMC42,1,20, ,ESTUDIANTE UNIVERSITARIO,MEX,ESTADO DE MEXICO, ,2,2, , ,250,2,14, , , , , , , , ,4,1,2,1,1,3,1, , , ,1.85714285714286
KMC43,2,21, ,ESTUDIANTE UNIVERSITARIO,MEX,ESTADO DE MEXICO, ,2,2, , ,100,2,12, , , , , , , , ,1,3,1,1,3,2,1, , , ,1.71428571428571
KMC48,1,28, ,DOCENTE UNIVERSITARIO,MEX,ESTADO DE MEXICO, ,2,2, , ,200,.5,17, , , , , , , , ,2,1,2,1,1,1,1, , , ,1.28571428571429
KMC51,3,23, ,ESTUDIANTE UNIVERSITARIO,MEX,ESTADO DE MEXICO, ,2,2, , ,200,2,12, , , , , , , , ,2,1,2,1,1,3,3, , , ,1.85714285714286
     3,1,38,100,PSICÓLOGO,MÉ,CUERNAVACA, ,2,2, , ,100,5,17, , , , , , , , ,4,3,2,2,1,3,2, , , ,2.42857142857143
     4,2,23,120,ESTUDIANTE,MÉ,CUERNAVACA, ,2,2, , ,120,6,16, , , , , , , , ,4,3,2,1,1,3,1, , , ,2.14285714285714
     9,1,29,450,REPARTIDOR,MÉ,CUERNAVACA, ,2,2, , ,450,9,10, , , , , , , , ,4,4,4,3,2,4,3, , , ,3.42857142857143
    11,1,30,700,REPARTIDOR,MÉ,XOCHITEPEC, ,2,2, , ,700,9,7, , , , , , , , ,4,4,4,4,4,4,4, , , ,4
    12,2,45,150,COCINERA,MÉ,XOCHITEPEC, ,2,2, , ,150,3,9, , , , , , , , ,1,1,1,1,1,1,1, , , ,1
    13,2,30,150,MESERA,MÉ,XOCHITEPEC, ,2,2, , ,150,1,10, , , , , , , , ,2,2,1,2,1,1,1, , , ,1.42857142857143
    14,2,28,200,MESERA,MÉ,XOCHITEPEC, ,2,2, , ,200,1,9, , , , , , , , ,1,1,2,2,2,2,1, , , ,1.57142857142857
    15,1,47,500,REPARTIDOR,MÉ,XOCHITEPEC, ,2,2, , ,500,8,10, , , , , , , , ,2,2,2,2,2,2,2, , , ,2
    17,1,22,120,ESTUDIANTE,MÉ,CUERNAVACA, ,2,2, , ,120,2,14, , , , , , , , ,3,3,2,3,1,3,3, , , ,2.57142857142857
    18,1,30,500,REPARTIDOR,MÉ,CUERNAVACA, ,2,2, , ,500,7,8, , , , , , , , ,3,3,3,3,3,3,3, , , ,3
    19,2,57,100,DESPACHADOR DE GASOLINA,MÉ,CUERNAVACA, ,2,2, , ,100,1,9, , , , , , , , ,1,1,2,1,1,1,1, , , ,1.14285714285714
    20,1,59,250,TORTILLERO,MÉ,CUERNAVACA, ,2,2, , ,250,2,11, , , , , , , , ,2,2,2,3,1,3,3, , , ,2.28571428571429
    22,2,39,150,DESPACHADOR DE GASOLINA,MÉ,CUERNAVACA, ,2,2, , ,150,1,11, , , , , , , , ,1,1,2,1,1,1,1, , , ,1.14285714285714
    25,1,19,200,ESTUDIANTE,MÉ,CUERNAVACA, ,2,2, , ,200,3,12, , , , , , , , ,2,2,2,3,2,2,2, , , ,2.14285714285714
    26,1,27,1000,TAXISTA,MÉ,CUERNAVACA, ,2,3, , ,100,1,15,1,1,1,1,1,3,1,1,5,4,4,3,3,3,3,1.5,1,1.28571428571429,3.57142857142857
    29,1,19,200,ESTUDIANTE,MÉ,CUERNAVACA, ,2,2, , ,200,2,13, , , , , , , , ,5,5,3,3,3,4,3, , , ,3.71428571428571
    30,1,25,600,REPARTIDOR,MÉ,CUERNAVACA, ,2,2, , ,600,7,13, , , , , , , , ,4,5,4,4,3,4,4, , , ,4
    31,1,31,300,TORTILLERO,MÉ,CUERNAVACA, ,2,2, , ,500,6,9, , , , , , , , ,5,5,1,1,1,1,1, , , ,2.14285714285714
    32,2,42,150,DESPACHADOR DE GASOLINA,MÉ,CUERNAVACA, ,2,2, , ,150,1,8, , , , , , , , ,1,1,1,1,1,1,1, , , ,1
    33,1,40,300,ALBAÑIL,MÉ,CUERNAVACA, ,2,2, , ,300,3,6, , , , , , , , ,4,4,3,3,2,3,3, , , ,3.14285714285714
    34,1,35,200,MESERO,MÉ,CUERNAVACA, ,2,2, , ,200,1,9, , , , , , , , ,2,2,1,1,1,1,1, , , ,1.28571428571429
    38,1,26,500,REPARTIDOR,MÉ,CUERNAVACA, ,2,2, , ,500,8,11, , , , , , , , ,5,5,5,2,2,2,2, , , ,3.28571428571429
    39,1,28,100,DESPACHADOR DE GASOLINA,MÉ,CUERNAVACA, ,2,2, , ,100,1,9, , , , , , , , ,5,5,5,5,2,5,5, , , ,4.57142857142857
    43,2,23,150,ESTUDIANTE,MÉ,CUERNAVACA, ,2,2, , ,150,2,17, , , , , , , , ,5,5,1,1,1,1,1, , , ,2.14285714285714
    45,1,23,200,ESTUDIANTE,MÉ,CUERNAVACA, ,2,2, , ,200,3,13, , , , , , , , ,4,4,2,2,1,2,2, , , ,2.42857142857143
    57,2,29,150,MESERA,MÉ,XOCHITEPEC, ,2,2, , ,150,2,6, , , , , , , , ,1,5,1,1,1,1,1, , , ,1.57142857142857
    58,1,27,250,MESERO,MÉ,XOCHITEPEC, ,2,2, , ,250,3,11, , , , , , , , ,5,5,5,5,4,4,4, , , ,4.57142857142857
    59,1,49,200,PIZZERO,MÉ,XOCHITEPEC, ,2,2, , ,200,2,9, , , , , , , , ,5,5,4,4,4,4,4, , , ,4.28571428571429
    60,1,31,250,ALBAÑIL,MÉ,XOCHITEPEC, ,2,2, , ,250,2,9, , , , , , , , ,5,5,5,4,5,5,5, , , ,4.85714285714286
    68,2,23,200,CAFETERIA,MÉ,CUERNAVACA, ,2,2, , ,200,2,13, , , , , , , , ,3,3,2,2,1,2,2, , , ,2.14285714285714
    69,2,26,120,FARMACIA,MÉ,CUERNAVACA, ,2,2, , ,120,1,13, , , , , , , , ,3,3,2,2,2,2,2, , , ,2.28571428571429
    75,1,20,250,MESERO,MÉ,CUERNAVACA, ,2,2, , ,250,2,12, , , , , , , , ,3,2,1,1,1,1,1, , , ,1.42857142857143
    76,2,23,200,ESTUDIANTE,MÉ,CUERNAVACA, ,2,2, , ,200,2,14, , , , , , , , ,3,3,2,1,1,1,1, , , ,1.71428571428571
    80,1,18,100,ESTUDIANTE,MÉ,CUERNAVACA, ,2,2, , ,100,1,12, , , , , , , , ,4,4,4,3,3,3,4, , , ,3.57142857142857
    81,2,28,150,LASHISTA,MÉ,CUERNAVACA, ,2,2, , ,150,1,12, , , , , , , , ,2,2,2,1,1,1,1, , , ,1.42857142857143
    86,1,22,300,EMPRENDEDOR,MÉ,XOCHITEPEC, ,2,2, , ,300,3,17, , , , , , , , ,3,3,3,1,1,1,1, , , ,1.85714285714286
    95,1,22,250,ESTUDIANTE,MÉ,CUERNAVACA, ,2,2, , ,250,3,13, , , , , , , , ,4,4,1,1,1,1,1, , , ,1.85714285714286
    96,2,31,300,VENDEDOR DE ROPA,MÉ,CUERNAVACA, ,2,2, , ,300,3,12, , , , , , , , ,1,1,1,1,1,1,1, , , ,1
    97,1,24,120,ESTUDIANTE,MÉ,CUERNAVACA, ,2,2, , ,120,2,15, , , , , , , , ,3,3,1,1,1,1,1, , , ,1.57142857142857
    98,2,26,100,COCINERA,MÉ,CUERNAVACA, ,2,2, , ,100,1,12, , , , , , , , ,1,1,1,1,1,1,1, , , ,1
LDG-00,1,21,300,REPARTIDOR,MEX,MORELIA, ,2,2, , ,300,3,12, , , , , , , , ,3,1,1,1,2,4,2, , , ,2
LDG-00,1,30,320,REPARTIDOR,MEX,MORELIA, ,2,2, , ,320,3,15, , , , , , , , ,2,1,1,1,2,3,2, , , ,1.71428571428571
LDG-00,2,30,100,AMA DE CASA,MEX,MORELIA, ,2,2, , ,100,1,12, , , , , , , , ,2,1,2,1,1,4,1, , , ,1.71428571428571
LDG-00,1,20,180,AUXILIAR ADMINISTRATIVO,MEX,MORELIA, ,2,2, , ,180,2,12, , , , , , , , ,1,1,1,1,1,3,1, , , ,1.28571428571429
LDG-00,1,34,400,REPARTIDOR,MEX,MORELIA, ,2,2, , ,400,4,14, , , , , , , , ,2,1,1,1,2,3,1, , , ,1.57142857142857
LDG-00,2,41,150,FLORISTA,MEX,MORELIA, ,2,2, , ,150,2,12, , , , , , , , ,1,2,1,2,2,1,1, , , ,1.42857142857143
LDG-01,1,18,180,ESTUDIANTE,MEX,MORELIA, ,2,2, , ,180,2,13, , , , , , , , ,2,1,1,1,2,1,1, , , ,1.28571428571429
LDG-01,1,40,150,PSICOLOGO,MEX,MORELIA, ,2,2, , ,150,2,19, , , , , , , , ,2,1,1,1,2,2,2, , , ,1.57142857142857
LDG-01,1,29,350,REPARTIDOR,MEX,MORELIA, ,2,2, , ,350,4,13, , , , , , , , ,3,1,1,1,1,2,1, , , ,1.42857142857143
LDG-01,2,36,200,DOCENTE,MEX,MORELIA, ,2,2, , ,200,2,23, , , , , , , , ,1,1,1,1,1,2,1, , , ,1.14285714285714
LDG-01,1,36,350,REPARTIDOR,MEX,MORELIA, ,2,2, , ,350,5,9, , , , , , , , ,2,1,2,1,1,2,1, , , ,1.42857142857143
LDG-01,1,34,172,PLOMERO,MEX,MORELIA, ,2,2, , ,172,2,13, , , , , , , , ,1,1,1,1,1,1,1, , , ,1
LDG-02,2,25,200,VENDEDORA DE TIENDA,MEX,MORELIA, ,2,2, , ,200,1,16, , , , , , , , ,2,1,1,3,2,1,1, , , ,1.57142857142857
LDG-03,2,20,120,EMPLEADA DE MOSTRADOR,MEX,MORELIA, ,2,2, , ,120,1,14, , , , , , , , ,2,2,1,1,1,1,1, , , ,1.28571428571429
LDG-03,1,18,120,ESTUDIANTE,MEX,MORELIA, ,2,2, , ,120,1,12, , , , , , , , ,3,2,1,1,2,2,2, , , ,1.85714285714286
LDG-04,1,37,180,PROFESOR,MEX,MORELIA, ,2,2, , ,180,1,23, , , , , , , , ,2,1,2,1,3,4,1, , , ,2
LDG-04,1,41,220,ARQUITECTO,MEX,MORELIA, ,2,2, , ,220,2,19, , , , , , , , ,2,1,2,1,2,4,1, , , ,1.85714285714286
LDG-04,1,45,180,TATUADOR,MEX,MORELIA, ,2,2, , ,180,2,17, , , , , , , , ,2,1,1,3,1,1,1, , , ,1.42857142857143
LDG-04,1,47,150,DOCENTE,MEX,MORELIA, ,2,2, , ,150,1,23, , , , , , , , ,3,1,2,2,1,3,3, , , ,2.14285714285714
LDG-05,2,22,120,ESTUDIANTE,MEX,QUERETARO, ,2,2, , ,120,1,16, , , , , , , , ,2,1,1,2,2,3,2, , , ,1.85714285714286
LDG-05,1,34,160,COMERCIANTE,MEX,MORELIA, ,2,2, , ,160,1,9, , , , , , , , ,2,1,2,2,3,2,3, , , ,2.14285714285714
LDG-05,1,18,200,AUXILIAR DE LLAMADAS,MEX,MORELIA, ,2,2, , ,200,1,12, , , , , , , , ,3,1,2,2,1,2,1, , , ,1.71428571428571
LDG-05,2,22,180,CONTADORA,MEX,MORELIA, ,2,2, , ,180,1,17, , , , , , , , ,2,1,2,1,1,2,2, , , ,1.57142857142857
LDG-05,2,56,200,ADMINISTRADOR,MEX,MORELIA, ,2,2, , ,200,2,17, , , , , , , , ,2,1,1,2,1,1,1, , , ,1.28571428571429
LDG-05,1,47,280,DOCENTE,MEX,MORELIA, ,2,2, , ,280,2,19, , , , , , , , ,1,1,1,1,2,3,2, , , ,1.57142857142857
LDG-06,1,42,180,DOCENTE,MEX,MORELIA, ,2,2, , ,180,2,22, , , , , , , , ,2,1,1,1,1,2,1, , , ,1.28571428571429
LDG-06,1,20,200,PROFESORA,MEX,MORELIA, ,2,2, , ,200,1,23, , , , , , , , ,1,1,1,2,1,2,1, , , ,1.28571428571429
LDG-06,2,41,120,CAJERA DE FARMACIA,MEX,MORELIA, ,2,2, , ,120,1,17, , , , , , , , ,2,1,1,1,1,2,1, , , ,1.28571428571429
LDG-07,1,23,200,MESERO,MEX,MORELIA, ,2,2, , ,200,2,12, , , , , , , , ,2,1,1,1,1,2,1, , , ,1.28571428571429
LDG-07,2,46,120,ESTILISTA,MEX,MORELIA, ,2,2, , ,120,1,16, , , , , , , , ,2,1,2,2,1,2,1, , , ,1.57142857142857
LDG-07,2,28,120,COSMETÓLOGA,MEX,MORELIA, ,2,2, , ,120,1,15, , , , , , , , ,1,1,2,2,1,2,1, , , ,1.42857142857143
LDG-07,2,39,150,PERSONAL DE INTENDECIA,MEX,MORELIA, ,2,2, , ,150,2,9, , , , , , , , ,2,1,2,2,2,2,1, , , ,1.71428571428571
LDG-07,1,33,180,ODONTOLOGO,MEX,MORELIA, ,2,2, , ,180,1,17, , , , , , , , ,1,1,1,2,2,3,2, , , ,1.71428571428571
LDG-07,2,18,240,ESTUDIANTE,MEX,MORELIA, ,2,2, , ,240,2,13, , , , , , , , ,2,1,2,1,1,3,2, , , ,1.71428571428571
LDG-08,2,23,120,TELEFONISTA,MEX,MORELIA, ,2,2, , ,120,1,15, , , , , , , , ,2,1,1,1,2,3,2, , , ,1.71428571428571
LDG-08,1,27,180,DISEÑADORA DE MODAS,MEX,MORELIA, ,2,2, , ,180,2,15, , , , , , , , ,1,1,1,1,1,3,1, , , ,1.28571428571429
LDG-08,1,31,150,EMPLEADO DE TIENDA,MEX,MORELIA, ,2,2, , ,150,1,9, , , , , , , , ,2,1,1,1,1,2,1, , , ,1.28571428571429
LDG-08,1,24,150,MESERO,MEX,MORELIA, ,2,2, , ,150,1,12, , , , , , , , ,2,1,1,1,2,2,1, , , ,1.42857142857143
LDG-09,1,20,200,ESTUDIANTE,MEX,MORELIA, ,2,2, , ,200,1,15, , , , , , , , ,3,1,1,1,2,1,2, , , ,1.57142857142857
LDG-09,1,21,150,ESTUDIANTE,MEX,MORELIA, ,2,2, , ,150,1,16, , , , , , , , ,2,1,1,2,1,3,1, , , ,1.57142857142857
LDG-09,2,19,150,CAJERO,MEX,MORELIA, ,2,2, , ,200,2,12, , , , , , , , ,3,1,1,1,1,2,1, , , ,1.42857142857143
LDG-09,1,26,140,OPERADOR DE LLAMADAS,MEX,MORELIA, ,2,2, , ,140,1,14, , , , , , , , ,2,1,1,2,2,2,1, , , ,1.57142857142857
NC,2,20, ,FRONT DESK,USA,CHICAGO,1,1,3,14800,2,400,2,12,2,2,2,1,1,1,2,1,1,1,1,1,1,1,1,1.5,1.66666666666667,1.57142857142857,1
MC,2,32, ,psicoterapeuta,USA,Chicago,1,1,3,12950,2,100,1,17,2,2,1,1,2,2,1,1,4,4,3,3,2,2,1,2,1,1.57142857142857,2.71428571428571
GMJL,1,38, ,Sistemas computacionales,USA,Ciudad de México,1,1,3,11100,1,150,1,12,2,1,1,1,1,2,1,1,5,5,5,5,5,5,5,1.5,1,1.28571428571429,5
DB,1,77, ,Retired,USA,Aurora,1,1,3,6475,1,100,2,6,5, ,1,1,1,1,1,1,1,2,1,1,1,1,1, ,1, ,1.14285714285714
AP,2,48, ,Psicóloga,USA,CHICAGO,1,1,3,9250,4,100,2,12,3,2,1,1,1,1,1,1,1,1,1,1,1,1,1,1.75,1,1.42857142857143,1
AF,2,22, ,Estudiante,USA,CHICAGO,1,1,3,6475,2,200,20,12,3,3,3,3,3,3,3,2,3,3,3,4,2,3,1,3,3,3,2.71428571428571
CCC,3,45, ,Asesor financiero,USA,CHICAGO,1,1,3,7400,1,100,1,23,1, ,1,1,1,1,1,1,2,1,1,1,1,1,1, ,1, ,1.14285714285714
RG,2,18, ,Estudiante,USA,CHICAGO,1,1,3,18500,5,100,4,12,1,1,1,1,1,1,1,1,2,1,2,1,1,1,1,1,1,1,1.28571428571429
Emrd,1,24, ,Realizador audiovisual,USA,CHICAGO,1,1,3,3700,2,150,5,12,1,1,1,1,1,1,1,1,3,3,1,1,1,3,1,1,1,1,1.85714285714286
RPS,1,29, ,Cineasta,USA,CHICAGO,1,1,3,5550,2,100,1,12,3,1,1,1,1,1,1,1,5,3,2,1,1,3,2,1.5,1,1.28571428571429,2.42857142857143
HACZ,1,36, ,Intérprete,USA,CHICAGO,1,1,3,9250,4,100,3,12,2,1,1,1,1,1,1,1,3,1,1,1,1,1,1,1.25,1,1.14285714285714,1.28571428571429
DMR,2,31, ,Abogada,USA,CHICAGO,1,1,3,11100,3,80,3,23,3,3,1,1,2,2,1,1,1,1,1,1,1,1,1,2.5,1,1.85714285714286,1
Jk,2,28, ,Locutora,USA,CHICAGO,1,1,3,18500,6,100,1,12,2,3,1,1,5,5,2,3,1,2,1,1,4,1,1,3.75,1.33333333333333,2.71428571428571,1.57142857142857
RR,3,28, ,Estudiante,USA,CHICAGO,1,1,3,11100,2,100,.5,17,5,4,1,1,1,3,1,1,3,1,1,4,4,1,1,3.25,1,2.28571428571429,2.14285714285714
ACM,1,49, ,Escritor,USA,CHICAGO,1,1,3,11100,2,300,1,14,1,1,1,1,2,1,1,1,2,1,1,1,2,1,1,1.25,1,1.14285714285714,1.28571428571429
C002,1,35, ,DOCENTE INVESTIGADOR,COL,LA UNION,1,2,3,750,7,250,2,19,2,1,1,1,3,1,1,1,3,2,1,1,1,1,1,1.75,1,1.42857142857143,1.42857142857143
C003,2,27, ,DOCENTE ESTUDIANTE,COL,ZARZAL,1,2,3,187.5,.03,10,.16,19,3,1,1,1,2,1,1,1,1,2,1,1,1,2,1,1.75,1,1.42857142857143,1.28571428571429
C010,1,38, ,CONDUCTOR,COL,LA UNION,1,2,3,750,7,150,3,12,2,1,1,1,1,1,1,1,3,1,1,1,1,1,1,1.25,1,1.14285714285714,1.28571428571429
C014,1,68, ,PENSIONADO,COL,LA UNION,1,2,3,1000,1,175,1,7,1,1,1,1,1,1,1,1,1,1,1,1,1,1,1,1,1,1,1
C015,1,40, ,COMERCIANTE,COL,LA UNION,1,2,3,400,2,50,.5,6,1,1,1,1,1,1,1,1,1,1,1,1,1,1,1,1,1,1,1
C016,2,43, ,COMERCIANTE,COL,LA UNION,1,2,3,400,.5,105,1,17,3,1,1,1,2,1,1,1,5,1,1,3,1,1,1,1.75,1,1.42857142857143,1.85714285714286
C017,1,60, ,TRANSPORTISTA,COL,LA UNION,1,2,3,1000,7,150,.5,1,1,1,1,1,1,1,1,1,2,1,1,1,1,2,1,1,1,1,1.28571428571429
C030,1,56, ,DOCENTE,COL,ROLDANILLO,1,2,3,750,3,100,1,19,1,1,1,1,1,1,1,1,1,1,1,1,1,1,1,1,1,1,1
C038,1,16, ,ESTUDIANTE,COL,ROLDANILLO,1,2,3,275,6,300,6,11,1,2,1,1,1,1,1,1,2,5,1,1,1,2,2,1.25,1,1.14285714285714,2
C039,1,16, ,ESTUDIANTE,COL,ROLDANILLO,1,2,3,250,4,250,4,11,1,1,1,1,3,2,1,1,5,2,1,1,1,3,1,1.75,1,1.42857142857143,2
C046,2,34, ,ESTUDIANTE,COL,ZARZAL,1,2,3,700,4,120,5,16,2,1,1,1,2,1,1,1,4,1,1,2,1,2,1,1.5,1,1.28571428571429,1.71428571428571
C047,1,26, ,ESTUDIANTE,COL,ROLDANILLO,1,2,3,750,4,125,4,16,3,1,1,1,2,2,1,1,2,2,1,1,1,2,1,2,1,1.57142857142857,1.42857142857143
C049,2,20, ,ESTUDIANTE,COL,ROLDANILLO,1,2,3,100,2,60,1,14,2,2,1,1,2,1,1,1,4,1,3,2,2,3,1,1.75,1,1.42857142857143,2.28571428571429
C050,1,19, ,PUBLICISTA,COL,ROLDANILLO,1,2,3,400,1,50,1,15,2,2,1,1,1,1,1,1,2,2,1,2,4,3,2,1.5,1,1.28571428571429,2.28571428571429
C051,1,28, ,ESTUDIANTE,COL,LA UNION,1,2,3,1000,10,150,3,16,1,3,1,1,3,1,1,1,4,3,3,2,3,4,5,2,1,1.57142857142857,3.42857142857143
C052,1,21, ,ESTUDIANTE,COL,ZARZAL, 2,2,3,1000,1,300,2,17,5,3,2,1,5,4,1,1,5,1,3,3,3,2,4,4.25,1.33333333333333,3,3
C056,1,20, ,ESTUDIANTE,COL,ROLDANILLO,1,2,3,200,1,75,3.5,15,1,1,1,1,1,1,1,1,2,1,1,1,1,2,1,1,1,1,1.28571428571429
C059,2,22, ,ESTUDIANTE,COL,ROLDANILLO,1,2,3,250,1,250,1,15,1,1,1,1,1,1,1,1,3,1,4,2,1,2,1,1,1,1,2
C061,1,34, ,REALIZADOR AUDIOVISUAL,COL,ROLDANILLO,1,2,3,300,2,50,.5,17,2,2,1,1,1,1,1,1,2,1,1,1,1,1,1,1.5,1,1.28571428571429,1.14285714285714
C066,2,22, ,ESTUDIANTE,COL,ZARZAL,1,2,3,100,2,100,2,15,1,1,1,1,1,1,1,1,1,1,2,1,2,3,1,1,1,1,1.57142857142857
C067,1,41, ,EMPLEADO,COL,ROLDANILLO,1,2,3,625,12,125,2,16,1,1,1,1,1,1,1,1,1,2,1,1,1,2,1,1,1,1,1.28571428571429
C068,2,42, ,DOCENTE Y ASESOR,COL,ROLDANILLO,1,2,3,250,1,50,.5,19,2,2,1,1,1,1,1,1,3,1,2,1,1,2,1,1.5,1,1.28571428571429,1.57142857142857
C071,1,23, ,ESTUDIANTE,COL,LA UNION,1,2,3,600,1,250,4,16,2,1,1,1,2,1,1,1,2,2,2,1,1,2,1,1.5,1,1.28571428571429,1.57142857142857
C093,1,18, ,ESTUDIANTE,COL,ROLDANILLO,1,2,3,250,.5,150,1,13,1,1,1,1,2,1,1,1,2,1,2,1,1,4,1,1.25,1,1.14285714285714,1.71428571428571
C094,2,20, ,ESTUDIANTE Y TRABAJADOR,COL,ROLDANILLO,1,2,3,250,1,150,3,12,1,1,1,1,1,1,1,1,2,1,1,1,1,1,1,1,1,1,1.14285714285714
C095,1,23, ,ESTUDIANTE Y TRABAJADOR,COL,ROLDANILLO,1,2,3,250,1.5,215,3,13,1,1,1,1,1,1,1,1,3,1,1,1,1,3,1,1,1,1,1.57142857142857
C097,1,19, ,ESTUDIANTE Y TRABAJADOR,COL,LA UNION,1,2,3,750,3,50,4,13,1,1,1,1,1,1,1,1,2,2,2,1,1,2,1,1,1,1,1.57142857142857
C099,1,18, ,ESTUDIANTE Y TRABAJADOR,COL,ROLDANILLO,1,2,3,2550,10,225,5,13,3,2,1,1,1,1,1,1,3,1,1,1,2,1,1,1.75,1,1.42857142857143,1.42857142857143
C002,1,35, ,DOCENTE INVESTIGADOR,COL,LA UNION,1,2,3,750,7,250,2,19,2,1,1,1,3,1,1,1,3,2,1,1,1,1,1,1.75,1,1.42857142857143,1.42857142857143
C003,2,27, ,DOCENTE ESTUDIANTE,COL,ZARZAL,1,2,3,187.5,.03,10,.16,19,3,1,1,1,2,1,1,1,1,2,1,1,1,2,1,1.75,1,1.42857142857143,1.28571428571429
C010,1,38, ,CONDUCTOR,COL,LA UNION,1,2,3,750,7,150,3,12,2,1,1,1,1,1,1,1,3,1,1,1,1,1,1,1.25,1,1.14285714285714,1.28571428571429
C014,1,68, ,PENSIONADO,COL,LA UNION,1,2,3,1000,1,175,1,7,1,1,1,1,1,1,1,1,1,1,1,1,1,1,1,1,1,1,1
C015,1,40, ,COMERCIANTE,COL,LA UNION,1,2,3,400,2,50,.5,6,1,1,1,1,1,1,1,1,1,1,1,1,1,1,1,1,1,1,1
C016,2,43, ,COMERCIANTE,COL,LA UNION,1,2,3,400,.5,105,1,17,3,1,1,1,2,1,1,1,5,1,1,3,1,1,1,1.75,1,1.42857142857143,1.85714285714286
C017,1,60, ,TRANSPORTISTA,COL,LA UNION,1,2,3,1000,7,150,.5,1,1,1,1,1,1,1,1,1,2,1,1,1,1,2,1,1,1,1,1.28571428571429
C030,1,56, ,DOCENTE,COL,ROLDANILLO,1,2,3,750,3,100,1,19,1,1,1,1,1,1,1,1,1,1,1,1,1,1,1,1,1,1,1
C032,2,40, ,DOCENTE,COL,ROLDANILLO,1,2,3,750,5,150,3,19,5,2,1,1,5,2,1,1,1,2,1,2,2,1,1,3.5,1,2.42857142857143,1.42857142857143
C038,1,16, ,ESTUDIANTE,COL,ROLDANILLO,1,2,3,275,6,300,6,11,1,2,1,1,1,1,1,1,2,5,1,1,1,2,2,1.25,1,1.14285714285714,2
C039,1,16, ,ESTUDIANTE,COL,ROLDANILLO,1,2,3,250,4,250,4,11,1,1,1,1,3,2,1,1,5,2,1,1,1,3,1,1.75,1,1.42857142857143,2
C046,2,34, ,ESTUDIANTE,COL,ZARZAL,1,2,3,700,4,120,5,16,2,1,1,1,2,1,1,1,4,1,1,2,1,2,1,1.5,1,1.28571428571429,1.71428571428571
C047,1,26, ,ESTUDIANTE,COL,ROLDANILLO,1,2,3,750,4,125,4,16,3,1,1,1,2,2,1,1,2,2,1,1,1,2,1,2,1,1.57142857142857,1.42857142857143
C049,2,20, ,ESTUDIANTE,COL,ROLDANILLO,1,2,3,100,2,60,1,14,2,2,1,1,2,1,1,1,4,1,3,2,2,3,1,1.75,1,1.42857142857143,2.28571428571429
C050,1,19, ,PUBLICISTA,COL,ROLDANILLO,1,2,3,400,1,50,1,15,2,2,1,1,1,1,1,1,2,2,1,2,4,3,2,1.5,1,1.28571428571429,2.28571428571429
C051,1,28, ,ESTUDIANTE,COL,LA UNION,1,2,3,1000,10,150,3,16,1,3,1,1,3,1,1,1,4,3,3,2,3,4,5,2,1,1.57142857142857,3.42857142857143
C052,1,21, ,ESTUDIANTE,COL,ZARZAL,2,2,3,1000,1,300,2,17,5,3,2,1,5,4,1,1,5,1,3,3,3,2,4,4.25,1.33333333333333,3,3
C056,1,20, ,ESTUDIANTE,COL,ROLDANILLO,1,2,3,200,1,75,3.5,15,1,1,1,1,1,1,1,1,2,1,1,1,1,2,1,1,1,1,1.28571428571429
C059,2,22, ,ESTUDIANTE,COL,ROLDANILLO,1,2,3,250,1,250,1,15,1,1,1,1,1,1,1,1,3,1,4,2,1,2,1,1,1,1,2
C061,1,34, ,REALIZADOR AUDIOVISUAL,COL,ROLDANILLO,1,2,3,300,2,50,.5,17,2,2,1,1,1,1,1,1,2,1,1,1,1,1,1,1.5,1,1.28571428571429,1.14285714285714
C066,2,22, ,ESTUDIANTE,COL,ZARZAL,1,2,3,100,2,100,2,15,1,1,1,1,1,1,1,1,1,1,2,1,2,3,1,1,1,1,1.57142857142857
C067,1,41, ,EMPLEADO,COL,ROLDANILLO,1,2,3,625,12,125,2,16,1,1,1,1,1,1,1,1,1,2,1,1,1,2,1,1,1,1,1.28571428571429
C068,2,42, ,DOCENTE Y ASESOR,COL,ROLDANILLO,1,2,3,250,1,50,.5,19,2,2,1,1,1,1,1,1,3,1,2,1,1,2,1,1.5,1,1.28571428571429,1.57142857142857
C071,1,23, ,ESTUDIANTE,COL,LA UNION,1,2,3,600,1,250,4,16,2,1,1,1,2,1,1,1,2,2,2,1,1,2,1,1.5,1,1.28571428571429,1.57142857142857
C093,1,18, ,ESTUDIANTE,COL,ROLDANILLO,1,2,3,250,.5,150,1,13,1,1,1,1,2,1,1,1,2,1,2,1,1,4,1,1.25,1,1.14285714285714,1.71428571428571
C094,2,20, ,ESTUDIANTE Y TRABAJADOR,COL,ROLDANILLO,1,2,3,250,1,150,3,12,1,1,1,1,1,1,1,1,2,1,1,1,1,1,1,1,1,1,1.14285714285714
C095,1,23, ,ESTUDIANTE Y TRABAJADOR,COL,ROLDANILLO,1,2,3,250,1.5,215,3,13,1,1,1,1,1,1,1,1,3,1,1,1,1,3,1,1,1,1,1.57142857142857
C097,1,19, ,ESTUDIANTE Y TRABAJADOR,COL,LA UNION,1,2,3,750,3,50,4,13,1,1,1,1,1,1,1,1,2,2,2,1,1,2,1,1,1,1,1.57142857142857
C099,1,18, ,ESTUDIANTE Y TRABAJADOR,COL,ROLDANILLO,1,2,3,2550,10,225,5,13,3,2,1,1,1,1,1,1,3,1,1,1,2,1,1,1.75,1,1.42857142857143,1.42857142857143
KMC02,1,19, ,ESTUDIANTE UNIVERSITARIO,MEX,ESTADO DE MEXICO, ,3,3,450,2,200,.66,14,3,2,1,1,1,2,2,1,3,2,2,2,3,3,1,2,1.33333333333333,1.71428571428571,2.28571428571429
KMC05,1,23, ,ESTUDIANTE UNIVERSITARIO,MEX,ESTADO DE MEXICO, ,3,3,150,1,200,2,17,2,2,1,1,1,2,1,1,4,4,4,2,3,4,2,1.75,1,1.42857142857143,3.28571428571429
KMC15,2,27, ,ESTUDIANTE UNIVERSITARIO,MEX,ESTADO DE MEXICO, ,3,3,300,1,400,2,16,1,1,1,1,1,1,1,1,3,2,2,2,2,2,2,1,1,1,2.14285714285714
KMC17,1,32, ,DOCENTE UNIVERSITARIO,MEX,ESTADO DE MEXICO, ,3,3,200,.5,50,.32,23,2,2,1,1,2,2,2,1,3,4,2,3,2,4,1,2,1.33333333333333,1.71428571428571,2.71428571428571
KMC21,1,38, ,EMPLEADO DE LIMPIEZA,MEX,ESTADO DE MEXICO, ,3,3,400,3,400,3,11,2,1,1,3,1,2,1,1,4,1,1,1,1,1,1,1.5,1.66666666666667,1.57142857142857,1.42857142857143
KMC23,1,19, ,ESTUDIANTE UNIVERSITARIO,MEX,ESTADO DE MEXICO, ,3,3,500,1,100,1,14,1,1,1,1,1,1,1,1,1,1,1,1,1,2,1,1,1,1,1.14285714285714
KMC27,1,38, ,TRABAJADOR DE LIMPÍEZA,MEX,ESTADO DE MEXICO, ,3,3,1000,7,200,3.5,17,1,1,1,1,1,1,1,1,1,1,1,1,1,1,1,1,1,1,1
KMC32,1,53, ,MECANICO,MEX,ESTADO DE MEXICO, ,3,3,750,2,150,2,12,3,2,1,1,2,2,1,1,1,1,4,3,3,1,3,2.25,1,1.71428571428571,2.28571428571429
KMC35,2,22, ,ESTUDIANTE UNIVERSITARIO,MEX,ESTADO DE MEXICO, ,3,3,700,4,200,2,15,2,2,1,1,2,2,1,1,2,2,2,1,1,2,3,2,1,1.57142857142857,1.85714285714286
KMC39,1,40, ,EMPLEADO DE LIMPIEZA,MEX,ESTADO DE MEXICO, ,3,3,600,2,200,2,16,3,2,1,1,3,3,1,1,1,5,1,2,2,1,1,2.75,1,2,1.85714285714286
KMC45,2,24, ,TRABAJADOR DE LIMPÍEZA,MEX,ESTADO DE MEXICO, ,3,3,750,4,200,1.5,17,2,3,2,1,2,1,2,1,3,2,3,1,1,1,1,2,1.66666666666667,1.85714285714286,1.71428571428571
KMC47,1,28, ,RECURSOS HUMANOS,MEX,ESTADO DE MEXICO, ,3,3,200,2,200,.5,17,2,2,1,1,3,1,1,1,4,1,2,2,2,4,1,2,1,1.57142857142857,2.28571428571429
KMC50,1,21, ,ESTUDIANTE UNIVERSITARIO,MEX,ESTADO DE MEXICO, ,3,3,900,10,200,2,12,3,2,1,1,2,2,1,1,3,3,2,2,2,2,1,2.25,1,1.71428571428571,2.14285714285714
     7,1,50,350,MUSICO,MÉ,CUERNAVACA, ,3,3,100,1,250,4,12,2,2,1,2,3,3,1,2,4,3,4,1,1,3,3,2.5,1.33333333333333,2,2.71428571428571
    16,1,51,700,TARJETAS DE CREDITO,MÉ,CUERNAVACA, ,3,3,500,3,200,5,17,2,3,1,2,4,2,2,1,2,2,3,2,2,1,1,2.75,1.66666666666667,2.28571428571429,1.85714285714286
    27,2,56,400,MAESTRA,MÉ,CUERNAVACA, ,3,3,400,2, , ,17,1,1,1,1,1,1,1,1, , , , , , , ,1,1,1, 
    36,1,58,750,PROFESOR,MÉ,CUERNAVACA, ,3,3,600,3,150,1,19,4,1,1,1,1,1,1,1,5,5,1,1,1,1,1,1.75,1,1.42857142857143,2.14285714285714
    44,2,37,700,ESTILISTA,MÉ,CUERNAVACA, ,3,3,600,3,50,1,8,1,1,1,1,1,1,4,1,5,5,3,1,1,1,1,1,2,1.42857142857143,2.42857142857143
    51,2,43,600,RESTAURANTE,MÉ,CUERNAVACA, ,3,3,400,3,200,1,17,2,2,2,2,5,2,2,1,4,3,2,2,1,2,2,2.75,2,2.42857142857143,2.28571428571429
    56,1,33,600,RESTAURANTE,MÉ,XOCHITEPEC, ,3,3,400,2,200,3,12,3,3,1,3,4,4,2,1,5,5,5,2,1,5,3,3.5,2,2.85714285714286,3.71428571428571
    63,1,43,600,CARNICERO,MÉ,XOCHITEPEC, ,3,3,400,3,200,1,13,2,2,2,1,1,2,2,1,3,3,2,2,1,2,2,1.75,1.66666666666667,1.71428571428571,2.14285714285714
    70,2,31,550,TORTILLERA,MÉ,CUERNAVACA, ,3,3,400,2,150,1,9,2,2,2,1,1,1,1,1,3,3,3,2,2,1,1,1.5,1.33333333333333,1.42857142857143,2.14285714285714
    73,1,44,500,TIANGUISTA,MÉ,CUERNAVACA, ,3,3,300,3,200,2,17,2,2,1,1,1,1,1,1,1,1,1,1,1,1,1,1.5,1,1.28571428571429,1
    74,1,47,450,MECANICO,MÉ,CUERNAVACA, ,3,3,350,2,100,1,9,2,2,1,1,2,2,2,1,3,3,3,2,2,2,2,2,1.33333333333333,1.71428571428571,2.42857142857143
    77,1,37,400,MAESTRO,MÉ,CUERNAVACA, ,3,3,300,2, , ,17,1,1,1,1,1,1,1,1,1,1,1,1,1,1,1,1,1,1,1
    99,2,53,150,CHEF,MÉ,CUERNAVACA, ,3,3,300,2,150,1,17,1,1,1,1,5,1,1,1,3,1,1,1,1,1,1,2,1,1.57142857142857,1.28571428571429
   100,2,49,60,PSICOLOGA,MÉ,CUERNAVACA, ,3,3,400,2,60,1,17,5,1,1,1,5,1,1,1,3,1,1,1,1,1,1,3,1,2.14285714285714,1.28571428571429
LDG-01,1,33,300,DOCENTE,MEX,MORELIA, ,3,3,100,1,200,2,20,2,1,1,1,1,1,1,1,2,1,2,2,2,2,1,1.25,1,1.14285714285714,1.71428571428571
LDG-02,1,27,300,DISEÑADOR GRAFICO,MEX,MORELIA, ,3,3,120,1,180,1,17,2,2,1,1,1,1,1,1,2,1,1,1,2,1,1,1.5,1,1.28571428571429,1.28571428571429
LDG-03,1,27,350,AUXILIAR DE RECURSOS HUMANOS,MEX,MORELIA, ,3,3,100,1,250,2,17,2,1,1,1,1,1,1,1,2,1,1,1,1,2,1,1.25,1,1.14285714285714,1.28571428571429
LDG-04,1,33,400,PROGRAMADOR,MEX,MORELIA, ,3,3,250,2,150,1,19,2,1,1,1,1,1,1,1,1,1,1,1,2,3,1,1.25,1,1.14285714285714,1.42857142857143
LDG-06,2,39,350,COMERCIANTE,MEX,MORELIA, ,3,3,100,1,250,2,12,3,1,1,1,1,2,1,1,2,1,1,2,1,2,1,1.75,1,1.42857142857143,1.42857142857143
LDG-06,1,46,300,DOCENTE,MEX,MORELIA, ,3,3,200,2,100,1,22,2,2,1,1,1,1,1,1,2,2,1,2,1,2,1,1.5,1,1.28571428571429,1.57142857142857
LDG-07,1,42,380,POLICIA,MEX,MORELIA, ,3,3,250,2,130,2,16,2,1,1,1,1,1,2,1,2,1,2,1,2,1,1,1.25,1.33333333333333,1.28571428571429,1.42857142857143
LDG-07,1,44,350,POLICIA,MEX,MORELIA, ,3,3,200,2,150,2,16,2,1,1,1,1,1,3,1,3,1,1,1,1,1,1,1.25,1.66666666666667,1.42857142857143,1.28571428571429
LDG-09,1,28,450,ARQUITECTO,MEX,MORELIA, ,3,3,250,2,200,1,17,2,1,1,1,1,1,1,1,2,2,1,1,2,2,1,1.25,1,1.14285714285714,1.57142857142857
LDG-10,1,44,400,COORDINADOR DE EVENTOS,MEX,MORELIA, ,3,3,300,2,100,1,17,3,1,1,1,2,1,2,1,2,1,1,1,1,3,1,1.75,1.33333333333333,1.57142857142857,1.42857142857143
